1001,46,46,46,21,21,0.912221,-0.000147902
1002,46,46,46,21,21,0.906185,-0.000760683
1003,46,46,46,21,21,0.896775,-0.00204308
1004,46,46,46,21,21,0.883771,-0.00420772
1005,46,46,46,21,21,0.868108,-0.00757043
1006,46,46,46,21,21,0.850367,-0.0125965
1007,46,46,46,21,21,0.829316,-0.0199004
1008,46,46,46,21,21,0.801955,-0.0302038
1009,46,46,46,21,21,0.765147,-0.0442959
1010,46,46,46,21,21,0.717441,-0.0630187
1011,46,46,46,21,21,0.659388,-0.0872174
1012,46,46,46,21,21,0.592079,-0.117536
1013,46,46,46,21,21,0.515445,-0.153975
1014,46,46,46,21,21,0.428476,-0.195311
1015,46,46,46,21,21,0.33202,-0.238674
1016,46,46,46,21,21,0.23242,-0.279644
1017,46,46,46,21,21,0.142851,-0.31308
1018,46,46,46,21,21,0.0802754,-0.334501
1019,46,46,46,21,21,0.0588544,-0.341496
1020,46,46,46,21,21,0.0833817,-0.334524
1021,46,46,46,21,21,0.146695,-0.316712
1022,46,46,46,21,21,0.232734,-0.292715
1023,46,46,46,21,21,0.323446,-0.267168
1024,46,46,46,21,21,0.405569,-0.243411
1025,46,46,46,21,21,0.473783,-0.222973
1026,46,46,46,21,21,0.529327,-0.205858
1027,46,46,46,21,21,0.576005,-0.191312
1028,46,46,46,21,21,0.616602,-0.178565
1029,46,46,46,21,21,0.65169,-0.167216
1030,46,46,46,21,21,0.680728,-0.157201
1031,46,46,46,21,21,0.703797,-0.14854
1032,46,46,46,21,21,0.722338,-0.141117
1033,46,46,46,21,21,0.738448,-0.134654
1034,46,46,46,21,21,0.753586,-0.128829
1035,46,46,46,21,21,0.767874,-0.123439
1036,46,46,46,21,21,0.780508,-0.118443
1037,46,46,46,21,21,0.790818,-0.113903
1038,46,46,46,21,21,0.799022,-0.109859
1039,46,46,46,21,21,0.806126,-0.106261
1040,46,46,46,21,21,0.813141,-0.102983
1041,46,46,46,21,21,0.820365,-0.0998991
1042,46,46,46,21,21,0.827306,-0.0969524
1043,46,46,46,21,21,0.833242,-0.0941656
1044,46,46,46,21,21,0.837905,-0.0915926
1045,46,46,46,21,21,0.841711,-0.089257
1046,46,46,46,21,21,0.845406,-0.0871235
1047,46,46,46,21,21,0.849464,-0.0851201
1048,46,46,46,21,21,0.85376,-0.0831857
1049,46,46,46,21,21,0.857751,-0.0813052
1050,46,46,46,21,21,0.860976,-0.0795065
1051,46,46,46,21,21,0.863446,-0.0778278
1052,46,46,46,21,21,0.865617,-0.0762811
1053,46,46,46,21,21,0.868004,-0.0748407
1054,46,46,46,21,21,0.870777,-0.0734614
1055,46,46,46,21,21,0.873661,-0.0721089
1056,46,46,46,21,21,0.876204,-0.0707804
1057,46,46,46,21,21,0.878156,-0.0694994
1058,46,46,46,21,21,0.879669,-0.0682927
1059,46,46,46,21,21,0.88115,-0.0671683
1060,46,46,46,21,21,0.882932,-0.0661082
1061,46,46,46,21,21,0.885018,-0.0650822
1062,46,46,46,21,21,0.887107,-0.0640681
1063,46,46,46,21,21,0.888855,-0.063065
1064,46,46,46,21,21,0.890153,-0.0620898
1065,46,46,46,21,21,0.891202,-0.0611622
1066,46,46,46,21,21,0.892341,-0.0602889
1067,46,46,46,21,21,0.893776,-0.0594589
1068,46,46,46,21,21,0.895431,-0.0586515
1069,46,46,46,21,21,0.897022,-0.0578508
1070,46,46,46,21,21,0.898296,-0.0570553
1071,46,46,46,21,21,0.899226,-0.0562768
1072,46,46,46,21,21,0.90002,-0.0555306
1073,46,46,46,21,21,0.900954,-0.0548236
1074,46,46,46,21,21,0.902155,-0.0541499
1075,46,46,46,21,21,0.903512,-0.0534946
1076,46,46,46,21,21,0.904777,-0.0528445
1077,46,46,46,21,21,0.905757,-0.0521959
1078,46,46,46,21,21,0.906464,-0.051556
1079,46,46,46,21,21,0.907096,-0.0509367
1080,46,46,46,21,21,0.907881,-0.0503459
1081,46,46,46,21,21,0.9089,-0.0497824
1082,46,46,46,21,21,0.910039,-0.0492362
1083,46,46,46,21,21,0.911078,-0.0486962
1084,46,46,46,21,21,0.911863,-0.0481563
1085,46,46,46,21,21,0.912422,-0.0476197
1086,46,46,46,21,21,0.912932,-0.0470953
1087,46,46,46,21,21,0.91359,-0.0465921
1088,46,46,46,21,21,0.914461,-0.0461123
1089,46,46,46,21,21,0.915435,-0.0456507
1090,46,46,46,21,21,0.916317,-0.0451976
1091,46,46,46,21,21,0.916972,-0.0447453
1092,46,46,46,21,21,0.917421,-0.0442922
1093,46,46,46,21,21,0.917827,-0.0438441
1094,46,46,46,21,21,0.918366,-0.0434091
1095,46,46,46,21,21,0.919103,-0.042993
1096,46,46,46,21,21,0.919948,-0.042595
1097,46,46,46,21,21,0.920721,-0.0422084
1098,46,46,46,21,21,0.921289,-0.0418249
1099,46,46,46,21,21,0.92166,-0.0414396
1100,46,46,46,21,21,0.921972,-0.0410539
1101,46,46,46,21,21,0.922395,-0.0406743
1102,46,46,46,21,21,0.923007,-0.0403082
1103,46,46,46,21,21,0.923743,-0.0399586
1104,46,46,46,21,21,0.924441,-0.0396229
1105,46,46,46,21,21,0.924959,-0.0392935
1106,46,46,46,21,21,0.925277,-0.0389635
1107,46,46,46,21,21,0.925507,-0.0386302
1108,46,46,46,21,21,0.925813,-0.0382968
1109,46,46,46,21,21,0.9263,-0.0379707
1110,46,46,46,21,21,0.926935,-0.0376583
1111,46,46,46,21,21,0.92758,-0.0373611
1112,46,46,46,21,21,0.928081,-0.0370748
1113,46,46,46,21,21,0.928379,-0.0367917
1114,46,46,46,21,21,0.928549,-0.0365053
1115,46,46,46,21,21,0.928746,-0.036214
1116,46,46,46,21,21,0.9291,-0.0359222
1117,46,46,46,21,21,0.92963,-0.0356374
1118,46,46,46,21,21,0.930228,-0.0353653
1119,46,46,46,21,21,0.930736,-0.0351063
1120,46,46,46,21,21,0.931054,-0.0348555
1121,46,46,46,21,21,0.9312,-0.0346053
1122,46,46,46,21,21,0.931306,-0.0343503
1123,46,46,46,21,21,0.931523,-0.0340901
1124,46,46,46,21,21,0.931925,-0.0338301
1125,46,46,46,21,21,0.93246,-0.0335776
1126,46,46,46,21,21,0.932984,-0.0333374
1127,46,46,46,21,21,0.933356,-0.0331091
1128,46,46,46,21,21,0.933533,-0.0328867
1129,46,46,46,21,21,0.933593,-0.0326625
1130,46,46,46,21,21,0.933691,-0.0324314
1131,46,46,46,21,21,0.933952,-0.032194
1132,46,46,46,21,21,0.934396,-0.0319565
1133,46,46,46,21,21,0.934922,-0.0317265
1134,46,46,46,21,21,0.935375,-0.031509
1135,46,46,46,21,21,0.935642,-0.0313032
1136,46,46,46,21,21,0.935726,-0.0311028
1137,46,46,46,21,21,0.935744,-0.0308999
1138,46,46,46,21,21,0.935851,-0.0306892
1139,46,46,46,21,21,0.936147,-0.0304714
1140,46,46,46,21,21,0.936611,-0.0302524
1141,46,46,46,21,21,0.937116,-0.0300402
1142,46,46,46,21,21,0.937507,-0.0298397
1143,46,46,46,21,21,0.937698,-0.0296505
1144,46,46,46,21,21,0.937723,-0.0294664
1145,46,46,46,21,21,0.937719,-0.0292796
1146,46,46,46,21,21,0.937838,-0.0290847
1147,46,46,46,21,21,0.938158,-0.028882
1148,46,46,46,21,21,0.938633,-0.0286772
1149,46,46,46,21,21,0.939122,-0.0284782
1150,46,46,46,21,21,0.939474,-0.0282908
1151,46,46,46,21,21,0.939616,-0.0281148
1152,46,46,46,21,21,0.939602,-0.0279446
1153,46,46,46,21,21,0.939577,-0.0277721
1154,46,46,46,21,21,0.939693,-0.0275914
1155,46,46,46,21,21,0.94002,-0.0274017
1156,46,46,46,21,21,0.940502,-0.0272082
1157,46,46,46,21,21,0.940992,-0.0270192
1158,46,46,46,21,21,0.941337,-0.0268412
1159,46,46,46,21,21,0.941466,-0.0266752
1160,46,46,46,21,21,0.941434,-0.0265166
1161,46,46,46,21,21,0.941388,-0.0263572
1162,46,46,46,21,21,0.941486,-0.0261897
1163,46,46,46,21,21,0.941802,-0.026012
1164,46,46,46,21,21,0.942287,-0.0258281
1165,46,46,46,21,21,0.942794,-0.0256459
1166,46,46,46,21,21,0.943163,-0.0254733
1167,46,46,46,21,21,0.94331,-0.0253135
1168,46,46,46,21,21,0.943278,-0.0251635
1169,46,46,46,21,21,0.94321,-0.0250156
1170,46,46,46,21,21,0.943271,-0.0248615
1171,46,46,46,21,21,0.943555,-0.0246967
1172,46,46,46,21,21,0.944032,-0.024523
1173,46,46,46,21,21,0.944564,-0.0243475
1174,46,46,46,21,21,0.944981,-0.024179
1175,46,46,46,21,21,0.945175,-0.0240232
1176,46,46,46,21,21,0.945159,-0.0238799
1177,46,46,46,21,21,0.94506,-0.0237428
1178,46,46,46,21,21,0.945052,-0.023603
1179,46,46,46,21,21,0.94526,-0.0234532
1180,46,46,46,21,21,0.945692,-0.0232919
1181,46,46,46,21,21,0.946234,-0.023124
1182,46,46,46,21,21,0.946713,-0.0229582
1183,46,46,46,21,21,0.946987,-0.0228028
1184,46,46,46,21,21,0.947023,-0.0226614
1185,46,46,46,21,21,0.946914,-0.0225308
1186,46,46,46,21,21,0.946832,-0.0224031
1187,46,46,46,21,21,0.946936,-0.0222692
1188,46,46,46,21,21,0.947285,-0.0221237
1189,46,46,46,21,21,0.947814,-0.0219673
1190,46,46,46,21,21,0.948357,-0.0218067
1191,46,46,46,21,21,0.948742,-0.0216514
1192,46,46,46,21,21,0.948875,-0.0215084
1193,46,46,46,21,21,0.948794,-0.0213794
1194,46,46,46,21,21,0.948644,-0.0212593
1195,46,46,46,21,21,0.948609,-0.0211392
1196,46,46,46,21,21,0.948812,-0.0210105
1197,46,46,46,21,21,0.949256,-0.0208691
1198,46,46,46,21,21,0.949819,-0.0207177
1199,46,46,46,21,21,0.950313,-0.0205642
1200,46,46,46,21,21,0.950587,-0.0204179
1201,46,46,46,21,21,0.950593,-0.0202852
1202,46,46,46,21,21,0.95042,-0.0201663
1203,46,46,46,21,21,0.950244,-0.0200551
1204,46,46,46,21,21,0.950244,-0.0199421
1205,46,46,46,21,21,0.950509,-0.0198189
1206,46,46,46,21,21,0.950997,-0.0196821
1207,46,46,46,21,21,0.951552,-0.0195352
1208,46,46,46,21,21,0.951981,-0.0193866
1209,46,46,46,21,21,0.952149,-0.0192459
1210,46,46,46,21,21,0.952048,-0.0191192
1211,46,46,46,21,21,0.951799,-0.0190064
1212,46,46,46,21,21,0.951595,-0.0189012
1213,46,46,46,21,21,0.951608,-0.018794
1214,46,46,46,21,21,0.951908,-0.0186764
1215,46,46,46,21,21,0.952422,-0.0185452
1216,46,46,46,21,21,0.952974,-0.0184039
1217,46,46,46,21,21,0.953368,-0.0182609
1218,46,46,46,21,21,0.953479,-0.018126
1219,46,46,46,21,21,0.953316,-0.0180054
1220,46,46,46,21,21,0.953016,-0.0178991
1221,46,46,46,21,21,0.952783,-0.0178006
1222,46,46,46,21,21,0.952791,-0.0177
1223,46,46,46,21,21,0.953101,-0.0175882
1224,46,46,46,21,21,0.953631,-0.0174612
1225,46,46,46,21,21,0.954197,-0.017322
1226,46,46,46,21,21,0.954592,-0.0171789
1227,46,46,46,21,21,0.954688,-0.0170426
1228,46,46,46,21,21,0.954492,-0.0169208
1229,46,46,46,21,21,0.954146,-0.0168151
1230,46,46,46,21,21,0.953861,-0.0167203
1231,46,46,46,21,21,0.953822,-0.0166265
1232,46,46,46,21,21,0.954103,-0.0165234
1233,46,46,46,21,21,0.95463,-0.0164051
1234,46,46,46,21,21,0.955216,-0.0162721
1235,46,46,46,21,21,0.955644,-0.0161319
1236,46,46,46,21,21,0.955765,-0.0159948
1237,46,46,46,21,21,0.955564,-0.0158703
1238,46,46,46,21,21,0.955171,-0.0157625
1239,46,46,46,21,21,0.954802,-0.015668
1240,46,46,46,21,21,0.954664,-0.0155781
1241,46,46,46,21,21,0.954864,-0.0154818
1242,46,46,46,21,21,0.955357,-0.0153706
1243,46,46,46,21,21,0.955969,-0.0152423
1244,46,46,46,21,21,0.95647,-0.0151021
1245,46,46,46,21,21,0.956673,-0.0149602
1246,46,46,46,21,21,0.956522,-0.0148276
1247,46,46,46,21,21,0.956112,-0.0147118
1248,46,46,46,21,21,0.955653,-0.0146131
1249,46,46,46,21,21,0.95538,-0.0145249
1250,46,46,46,21,21,0.95545,-0.0144361
1251,46,46,46,21,21,0.955873,-0.0143355
1252,46,46,46,21,21,0.956509,-0.0142166
1253,46,46,46,21,21,0.957124,-0.0140804
1254,46,46,46,21,21,0.957487,-0.0139348
1255,46,46,46,21,21,0.957474,-0.0137917
1256,46,46,46,21,21,0.957118,-0.0136618
1257,46,46,46,21,21,0.956597,-0.0135509
1258,46,46,46,21,21,0.956164,-0.0134569
1259,46,46,46,21,21,0.956036,-0.0133709
1260,46,46,46,21,21,0.956308,-0.0132805
1261,46,46,46,21,21,0.956906,-0.0131749
1262,46,46,46,21,21,0.957619,-0.013049
1263,46,46,46,21,21,0.958183,-0.0129057
1264,46,46,46,21,21,0.958391,-0.0127546
1265,46,46,46,21,21,0.958177,-0.0126086
1266,46,46,46,21,21,0.95765,-0.0124786
1267,46,46,46,21,21,0.957045,-0.0123694
1268,46,46,46,21,21,0.956634,-0.0122777
1269,46,46,46,21,21,0.956614,-0.0121934
1270,46,46,46,21,21,0.957023,-0.0121033
1271,46,46,46,21,21,0.957724,-0.0119961
1272,46,46,46,21,21,0.958457,-0.011867
1273,46,46,46,21,21,0.95894,-0.0117196
1274,46,46,46,21,21,0.958984,-0.0115642
1275,46,46,46,21,21,0.958571,-0.0114146
1276,46,46,46,21,21,0.957861,-0.0112827
1277,46,46,46,21,21,0.957134,-0.0111737
1278,46,46,46,21,21,0.956679,-0.0110848
1279,46,46,46,21,21,0.95668,-0.0110055
1280,46,46,46,21,21,0.957142,-0.010922
1281,46,46,46,21,21,0.95788,-0.0108218
1282,46,46,46,21,21,0.958594,-0.0106986
1283,46,46,46,21,21,0.958981,-0.0105549
1284,46,46,46,21,21,0.958853,-0.0104009
1285,46,46,46,21,21,0.958211,-0.0102511
1286,46,46,46,21,21,0.957253,-0.0101191
1287,46,46,46,21,21,0.956297,-0.0100132
1288,46,46,46,21,21,0.955661,-0.00993267
1289,46,46,46,21,21,0.955541,-0.00986877
1290,46,46,46,21,21,0.95593,-0.00980739
1291,46,46,46,21,21,0.956616,-0.00973423
1292,46,46,46,21,21,0.957257,-0.00963993
1293,46,46,46,21,21,0.957507,-0.00952351
1294,46,46,46,21,21,0.957144,-0.00939305
1295,46,46,46,21,21,0.956162,-0.00926318
1296,46,46,46,21,21,0.954773,-0.00915051
1297,46,46,46,21,21,0.953337,-0.0090682
1298,46,46,46,21,21,0.952224,-0.00902187
1299,46,46,46,21,21,0.951678,-0.0090079
1300,46,46,46,21,21,0.951718,-0.00901484
1301,46,46,46,21,21,0.952122,-0.00902751
1302,46,46,46,21,21,0.952497,-0.00903231
1303,46,46,46,21,21,0.95242,-0.00902216
1304,46,46,46,21,21,0.951588,-0.00899953
1305,46,46,46,21,21,0.949929,-0.00897658
1306,46,46,46,21,21,0.94764,-0.00897242
1307,46,46,46,21,21,0.945113,-0.00900835
1308,46,46,46,21,21,0.942798,-0.00910254
1309,46,46,46,21,21,0.941035,-0.00926571
1310,46,46,46,21,21,0.939919,-0.00949918
1311,46,46,46,21,21,0.939244,-0.00979574
1312,46,46,46,21,21,0.938561,-0.0101432
1313,46,46,46,21,21,0.937313,-0.0105301
1314,46,46,46,21,21,0.935024,-0.010951
1315,46,46,46,21,21,0.931462,-0.0114118
1316,46,46,46,21,21,0.926713,-0.0119324
1317,46,46,46,21,21,0.921157,-0.0125464
1318,46,46,46,21,21,0.915321,-0.0132983
1319,46,46,46,21,21,0.909676,-0.0142381
1320,46,46,46,21,21,0.904437,-0.0154155
1321,46,46,46,21,21,0.899434,-0.0168743
1322,46,46,46,21,21,0.894108,-0.0186484
1323,46,46,46,21,21,0.887635,-0.0207619
1324,46,46,46,21,21,0.87915,-0.0232336
1325,46,46,46,21,21,0.867979,-0.0260851
1326,46,46,46,21,21,0.853824,-0.029353
1327,46,46,46,21,21,0.836805,-0.0331018
1328,46,46,46,21,21,0.817355,-0.0374347
1329,46,46,46,21,21,0.795972,-0.0424985
1330,46,46,46,21,21,0.772913,-0.0484795
1331,46,46,46,21,21,0.747929,-0.0555855
1332,46,46,46,21,21,0.720149,-0.064017
1333,46,46,46,21,21,0.688167,-0.0739255
1334,46,46,46,21,21,0.650366,-0.0853674
1335,46,46,46,21,21,0.605403,-0.0982589
1336,46,46,46,21,21,0.552759,-0.112342
1337,46,46,46,21,21,0.493199,-0.12717
1338,46,46,46,21,21,0.429021,-0.142121
1339,46,46,46,21,21,0.363985,-0.156435
1340,46,46,46,21,21,0.30292,-0.16929
1341,46,46,46,21,21,0.251054,-0.179883
1342,46,46,46,21,21,0.213194,-0.187526
1343,46,46,46,21,21,0.192935,-0.191737
1344,46,46,46,21,21,0.192054,-0.192302
1345,46,46,46,21,21,0.210212,-0.189307
1346,46,46,46,21,21,0.245047,-0.183127
1347,46,46,46,21,21,0.2926,-0.174382
1348,46,46,46,21,21,0.348005,-0.16385
1349,46,46,46,21,21,0.406277,-0.152371
1350,46,46,46,21,21,0.463052,-0.140743
1351,46,46,46,21,21,0.515121,-0.129633
1352,46,46,46,21,21,0.560692,-0.119517
1353,46,46,46,21,21,0.599348,-0.110652
1354,46,46,46,21,21,0.63176,-0.103088
1355,46,46,46,21,21,0.659243,-0.0967055
1356,46,46,46,21,21,0.683282,-0.0912808
1357,46,46,46,21,21,0.705137,-0.086549
1358,46,46,46,21,21,0.725595,-0.082266
1359,46,46,46,21,21,0.744908,-0.0782515
1360,46,46,46,21,21,0.762897,-0.0744089
1361,46,46,46,21,21,0.779155,-0.0707226
1362,46,46,46,21,21,0.793281,-0.0672366
1363,46,46,46,21,21,0.805077,-0.0640232
1364,46,46,46,21,21,0.814651,-0.0611497
1365,46,46,46,21,21,0.822407,-0.0586522
1366,46,46,46,21,21,0.828944,-0.0565227
1367,46,46,46,21,21,0.834905,-0.054709
1368,46,46,46,21,21,0.840816,-0.0531276
1369,46,46,46,21,21,0.846973,-0.0516841
1370,46,46,46,21,21,0.853397,-0.0502942
1371,46,46,46,21,21,0.859873,-0.0489016
1372,46,46,46,21,21,0.866045,-0.0474864
1373,46,46,46,21,21,0.87155,-0.0460639
1374,46,46,46,21,21,0.876131,-0.0446747
1375,46,46,46,21,21,0.879714,-0.0433698
1376,46,46,46,21,21,0.882431,-0.0421936
1377,46,46,46,21,21,0.884572,-0.0411713
1378,46,46,46,21,21,0.886503,-0.0403019
1379,46,46,46,21,21,0.88856,-0.0395595
1380,46,46,46,21,21,0.890968,-0.0389
1381,46,46,46,21,21,0.893785,-0.0382738
1382,46,46,46,21,21,0.8969,-0.0376375
1383,46,46,46,21,21,0.900085,-0.0369644
1384,46,46,46,21,21,0.903063,-0.0362497
1385,46,46,46,21,21,0.905594,-0.035509
1386,46,46,46,21,21,0.907542,-0.0347727
1387,46,46,46,21,21,0.908912,-0.0340761
1388,46,46,46,21,21,0.909839,-0.0334496
1389,46,46,46,21,21,0.910548,-0.0329101
1390,46,46,46,21,21,0.911289,-0.0324573
1391,46,46,46,21,21,0.912268,-0.0320739
1392,46,46,46,21,21,0.913595,-0.0317313
1393,46,46,46,21,21,0.91526,-0.0313966
1394,46,46,46,21,21,0.917144,-0.0310418
1395,46,46,46,21,21,0.919056,-0.0306501
1396,46,46,46,21,21,0.920794,-0.0302193
1397,46,46,46,21,21,0.922197,-0.0297618
1398,46,46,46,21,21,0.923187,-0.0293001
1399,46,46,46,21,21,0.923792,-0.0288604
1400,46,46,46,21,21,0.924128,-0.0284654
1401,46,46,46,21,21,0.924369,-0.0281284
1402,46,46,46,21,21,0.924695,-0.0278504
1403,46,46,46,21,21,0.925247,-0.0276199
1404,46,46,46,21,21,0.926091,-0.0274164
1405,46,46,46,21,21,0.927203,-0.0272159
1406,46,46,46,21,21,0.928482,-0.0269973
1407,46,46,46,21,21,0.92978,-0.0267468
1408,46,46,46,21,21,0.930941,-0.0264618
1409,46,46,46,21,21,0.931847,-0.0261505
1410,46,46,46,21,21,0.932444,-0.0258294
1411,46,46,46,21,21,0.932755,-0.0255188
1412,46,46,46,21,21,0.932871,-0.0252373
1413,46,46,46,21,21,0.932925,-0.0249973
1414,46,46,46,21,21,0.933055,-0.0248019
1415,46,46,46,21,21,0.93337,-0.0246446
1416,46,46,46,21,21,0.933922,-0.0245109
1417,46,46,46,21,21,0.934697,-0.0243824
1418,46,46,46,21,21,0.935618,-0.0242414
1419,46,46,46,21,21,0.936572,-0.0240751
1420,46,46,46,21,21,0.937436,-0.0238789
1421,46,46,46,21,21,0.938113,-0.0236564
1422,46,46,46,21,21,0.938553,-0.0234191
1423,46,46,46,21,21,0.938763,-0.0231827
1424,46,46,46,21,21,0.938806,-0.0229633
1425,46,46,46,21,21,0.938783,-0.0227733
1426,46,46,46,21,21,0.938803,-0.0226185
1427,46,46,46,21,21,0.938959,-0.0224968
1428,46,46,46,21,21,0.939305,-0.0223992
1429,46,46,46,21,21,0.939841,-0.0223118
1430,46,46,46,21,21,0.940521,-0.0222196
1431,46,46,46,21,21,0.94126,-0.0221097
1432,46,46,46,21,21,0.941961,-0.0219749
1433,46,46,46,21,21,0.942536,-0.0218147
1434,46,46,46,21,21,0.942931,-0.0216354
1435,46,46,46,21,21,0.943134,-0.0214484
1436,46,46,46,21,21,0.94318,-0.0212673
1437,46,46,46,21,21,0.943139,-0.0211044
1438,46,46,46,21,21,0.943097,-0.0209681
1439,46,46,46,21,21,0.943138,-0.0208609
1440,46,46,46,21,21,0.943319,-0.0207788
1441,46,46,46,21,21,0.943664,-0.0207125
1442,46,46,46,21,21,0.944152,-0.02065
1443,46,46,46,21,21,0.944728,-0.020579
1444,46,46,46,21,21,0.945317,-0.02049
1445,46,46,46,21,21,0.945843,-0.0203785
1446,46,46,46,21,21,0.946243,-0.0202458
1447,46,46,46,21,21,0.946487,-0.0200984
1448,46,46,46,21,21,0.946581,-0.0199466
1449,46,46,46,21,21,0.946565,-0.0198019
1450,46,46,46,21,21,0.946502,-0.0196743
1451,46,46,46,21,21,0.946463,-0.0195698
1452,46,46,46,21,21,0.94651,-0.0194897
1453,46,46,46,21,21,0.946683,-0.0194297
1454,46,46,46,21,21,0.94699,-0.0193816
1455,46,46,46,21,21,0.947406,-0.0193349
1456,46,46,46,21,21,0.947882,-0.0192792
1457,46,46,46,21,21,0.948354,-0.019207
1458,46,46,46,21,21,0.948763,-0.0191148
1459,46,46,46,21,21,0.949061,-0.0190039
1460,46,46,46,21,21,0.94923,-0.0188803
1461,46,46,46,21,21,0.949278,-0.0187529
1462,46,46,46,21,21,0.949242,-0.0186315
1463,46,46,46,21,21,0.949173,-0.0185249
1464,46,46,46,21,21,0.94913,-0.0184383
1465,46,46,46,21,21,0.949162,-0.0183731
1466,46,46,46,21,21,0.9493,-0.0183257
1467,46,46,46,21,21,0.949549,-0.0182893
1468,46,46,46,21,21,0.949889,-0.0182548
1469,46,46,46,21,21,0.950279,-0.0182132
1470,46,46,46,21,21,0.950669,-0.0181572
1471,46,46,46,21,21,0.951007,-0.0180834
1472,46,46,46,21,21,0.951255,-0.0179923
1473,46,46,46,21,21,0.951394,-0.0178883
1474,46,46,46,21,21,0.951431,-0.0177789
1475,46,46,46,21,21,0.951392,-0.0176728
1476,46,46,46,21,21,0.951318,-0.0175779
1477,46,46,46,21,21,0.951258,-0.0174999
1478,46,46,46,21,21,0.951253,-0.0174408
1479,46,46,46,21,21,0.951333,-0.0173989
1480,46,46,46,21,21,0.951508,-0.0173687
1481,46,46,46,21,21,0.951765,-0.0173428
1482,46,46,46,21,21,0.952076,-0.0173128
1483,46,46,46,21,21,0.952399,-0.0172719
1484,46,46,46,21,21,0.952693,-0.0172154
1485,46,46,46,21,21,0.952923,-0.0171424
1486,46,46,46,21,21,0.953067,-0.0170556
1487,46,46,46,21,21,0.953122,-0.0169605
1488,46,46,46,21,21,0.953106,-0.0168647
1489,46,46,46,21,21,0.953047,-0.0167756
1490,46,46,46,21,21,0.952984,-0.0166996
1491,46,46,46,21,21,0.952953,-0.0166402
1492,46,46,46,21,21,0.952986,-0.0165975
1493,46,46,46,21,21,0.953096,-0.0165685
1494,46,46,46,21,21,0.953283,-0.0165473
1495,46,46,46,21,21,0.95353,-0.0165268
1496,46,46,46,21,21,0.953806,-0.0164999
1497,46,46,46,21,21,0.954078,-0.0164611
1498,46,46,46,21,21,0.954311,-0.0164073
1499,46,46,46,21,21,0.954482,-0.0163388
1500,46,46,46,21,21,0.954577,-0.0162591
1501,46,46,46,21,21,0.954601,-0.0161737
1502,46,46,46,21,21,0.954571,-0.0160894
1503,46,46,46,21,21,0.954515,-0.016013
1504,46,46,46,21,21,0.954464,-0.0159494
1505,46,46,46,21,21,0.954448,-0.0159012
1506,46,46,46,21,21,0.954489,-0.0158678
1507,46,46,46,21,21,0.954596,-0.0158458
1508,46,46,46,21,21,0.954766,-0.0158298
1509,46,46,46,21,21,0.954982,-0.0158132
1510,46,46,46,21,21,0.955218,-0.0157898
1511,46,46,46,21,21,0.955445,-0.0157549
1512,46,46,46,21,21,0.955638,-0.0157061
1513,46,46,46,21,21,0.955776,-0.0156439
1514,46,46,46,21,21,0.955851,-0.0155717
1515,46,46,46,21,21,0.955868,-0.0154945
1516,46,46,46,21,21,0.955839,-0.0154185
1517,46,46,46,21,21,0.95579,-0.0153497
1518,46,46,46,21,21,0.955745,-0.0152926
1519,46,46,46,21,21,0.955731,-0.0152495
1520,46,46,46,21,21,0.955764,-0.0152201
1521,46,46,46,21,21,0.955854,-0.0152013
1522,46,46,46,21,21,0.955997,-0.0151884
1523,46,46,46,21,21,0.956183,-0.0151755
1524,46,46,46,21,21,0.956388,-0.0151568
1525,46,46,46,21,21,0.956591,-0.0151279
1526,46,46,46,21,21,0.956768,-0.0150863
1527,46,46,46,21,21,0.956902,-0.0150322
1528,46,46,46,21,21,0.956983,-0.0149679
1529,46,46,46,21,21,0.957012,-0.0148981
1530,46,46,46,21,21,0.956999,-0.0148281
1531,46,46,46,21,21,0.956962,-0.0147634
1532,46,46,46,21,21,0.956923,-0.0147087
1533,46,46,46,21,21,0.956904,-0.0146666
1534,46,46,46,21,21,0.956922,-0.0146374
1535,46,46,46,21,21,0.956988,-0.0146191
1536,46,46,46,21,21,0.957103,-0.0146077
1537,46,46,46,21,21,0.95726,-0.0145982
1538,46,46,46,21,21,0.957444,-0.0145851
1539,46,46,46,21,21,0.957637,-0.0145638
1540,46,46,46,21,21,0.957817,-0.0145313
1541,46,46,46,21,21,0.957967,-0.0144868
1542,46,46,46,21,21,0.958076,-0.0144315
1543,46,46,46,21,21,0.958139,-0.0143688
1544,46,46,46,21,21,0.958161,-0.0143034
1545,46,46,46,21,21,0.958152,-0.0142405
1546,46,46,46,21,21,0.958129,-0.0141849
1547,46,46,46,21,21,0.958112,-0.0141398
1548,46,46,46,21,21,0.958118,-0.0141068
1549,46,46,46,21,21,0.95816,-0.0140853
1550,46,46,46,21,21,0.958245,-0.0140727
1551,46,46,46,21,21,0.958373,-0.0140647
1552,46,46,46,21,21,0.958535,-0.0140565
1553,46,46,46,21,21,0.958718,-0.0140434
1554,46,46,46,21,21,0.958904,-0.0140214
1555,46,46,46,21,21,0.959076,-0.0139885
1556,46,46,46,21,21,0.95922,-0.0139444
1557,46,46,46,21,21,0.959326,-0.013891
1558,46,46,46,21,21,0.959391,-0.0138318
1559,46,46,46,21,21,0.959418,-0.0137711
1560,46,46,46,21,21,0.959419,-0.0137139
1561,46,46,46,21,21,0.959408,-0.0136641
1562,46,46,46,21,21,0.959402,-0.0136247
1563,46,46,46,21,21,0.959415,-0.0135966
1564,46,46,46,21,21,0.959459,-0.0135789
1565,46,46,46,21,21,0.959541,-0.0135691
1566,46,46,46,21,21,0.959661,-0.0135631
1567,46,46,46,21,21,0.959811,-0.0135565
1568,46,46,46,21,21,0.959981,-0.0135448
1569,46,46,46,21,21,0.960155,-0.0135246
1570,46,46,46,21,21,0.960317,-0.0134942
1571,46,46,46,21,21,0.960455,-0.0134532
1572,46,46,46,21,21,0.960558,-0.0134035
1573,46,46,46,21,21,0.960623,-0.0133481
1574,46,46,46,21,21,0.960652,-0.0132913
1575,46,46,46,21,21,0.960653,-0.0132374
1576,46,46,46,21,21,0.960639,-0.0131903
1577,46,46,46,21,21,0.960624,-0.0131526
1578,46,46,46,21,21,0.960623,-0.0131256
1579,46,46,46,21,21,0.960648,-0.0131086
1580,46,46,46,21,21,0.960707,-0.0130994
1581,46,46,46,21,21,0.960801,-0.0130944
1582,46,46,46,21,21,0.960927,-0.0130896
1583,46,46,46,21,21,0.961076,-0.0130808
1584,46,46,46,21,21,0.961235,-0.0130646
1585,46,46,46,21,21,0.961389,-0.0130389
1586,46,46,46,21,21,0.961524,-0.0130032
1587,46,46,46,21,21,0.96163,-0.0129585
1588,46,46,46,21,21,0.9617,-0.0129075
1589,46,46,46,21,21,0.961733,-0.0128538
1590,46,46,46,21,21,0.961734,-0.0128014
1591,46,46,46,21,21,0.961713,-0.0127542
1592,46,46,46,21,21,0.961683,-0.0127152
1593,46,46,46,21,21,0.961659,-0.0126859
1594,46,46,46,21,21,0.961653,-0.0126666
1595,46,46,46,21,21,0.961676,-0.0126558
1596,46,46,46,21,21,0.961734,-0.0126506
1597,46,46,46,21,21,0.961828,-0.0126474
1598,46,46,46,21,21,0.961951,-0.0126422
1599,46,46,46,21,21,0.962094,-0.0126316
1600,46,46,46,21,21,0.962243,-0.0126128
1601,46,46,46,21,21,0.962385,-0.0125846
1602,46,46,46,21,21,0.962506,-0.0125471
1603,46,46,46,21,21,0.962596,-0.0125021
1604,46,46,46,21,21,0.96265,-0.0124523
1605,46,46,46,21,21,0.962668,-0.0124014
1606,46,46,46,21,21,0.962656,-0.0123532
1607,46,46,46,21,21,0.962623,-0.0123111
1608,46,46,46,21,21,0.962583,-0.0122774
1609,46,46,46,21,21,0.962551,-0.0122532
1610,46,46,46,21,21,0.962539,-0.0122383
1611,46,46,46,21,21,0.962557,-0.0122308
1612,46,46,46,21,21,0.962611,-0.0122279
1613,46,46,46,21,21,0.962701,-0.0122259
1614,46,46,46,21,21,0.962821,-0.0122213
1615,46,46,46,21,21,0.962962,-0.0122108
1616,46,46,46,21,21,0.963109,-0.0121921
1617,46,46,46,21,21,0.963248,-0.0121641
1618,46,46,46,21,21,0.963367,-0.0121272
1619,46,46,46,21,21,0.963455,-0.0120831
1620,46,46,46,21,21,0.963506,-0.0120347
1621,46,46,46,21,21,0.963519,-0.0119853
1622,46,46,46,21,21,0.963501,-0.0119386
1623,46,46,46,21,21,0.96346,-0.0118977
1624,46,46,46,21,21,0.96341,-0.011865
1625,46,46,46,21,21,0.963365,-0.0118415
1626,46,46,46,21,21,0.96334,-0.011827
1627,46,46,46,21,21,0.963345,-0.0118199
1628,46,46,46,21,21,0.963386,-0.0118175
1629,46,46,46,21,21,0.963466,-0.0118166
1630,46,46,46,21,21,0.963579,-0.0118136
1631,46,46,46,21,21,0.963717,-0.0118055
1632,46,46,46,21,21,0.963866,-0.0117898
1633,46,46,46,21,21,0.964011,-0.0117653
1634,46,46,46,21,21,0.964139,-0.0117321
1635,46,46,46,21,21,0.964238,-0.0116916
1636,46,46,46,21,21,0.964299,-0.011646
1637,46,46,46,21,21,0.964321,-0.0115986
1638,46,46,46,21,21,0.964307,-0.0115528
1639,46,46,46,21,21,0.964265,-0.0115116
1640,46,46,46,21,21,0.964208,-0.0114775
1641,46,46,46,21,21,0.964151,-0.011452
1642,46,46,46,21,21,0.964107,-0.0114353
1643,46,46,46,21,21,0.964091,-0.0114263
1644,46,46,46,21,21,0.964111,-0.011423
1645,46,46,46,21,21,0.964171,-0.0114224
1646,46,46,46,21,21,0.96427,-0.0114213
1647,46,46,46,21,21,0.964399,-0.0114165
1648,46,46,46,21,21,0.964548,-0.0114054
1649,46,46,46,21,21,0.964702,-0.0113863
1650,46,46,46,21,21,0.964846,-0.0113585
1651,46,46,46,21,21,0.964965,-0.0113229
1652,46,46,46,21,21,0.965049,-0.011281
1653,46,46,46,21,21,0.965092,-0.0112356
1654,46,46,46,21,21,0.965094,-0.0111897
1655,46,46,46,21,21,0.96506,-0.0111464
1656,46,46,46,21,21,0.965002,-0.0111087
1657,46,46,46,21,21,0.964932,-0.0110785
1658,46,46,46,21,21,0.964866,-0.0110567
1659,46,46,46,21,21,0.96482,-0.0110433
1660,46,46,46,21,21,0.964806,-0.0110369
1661,46,46,46,21,21,0.964832,-0.0110354
1662,46,46,46,21,21,0.964901,-0.0110357
1663,46,46,46,21,21,0.965009,-0.0110348
1664,46,46,46,21,21,0.965148,-0.0110298
1665,46,46,46,21,21,0.965305,-0.0110183
1666,46,46,46,21,21,0.965464,-0.0109988
1667,46,46,46,21,21,0.965609,-0.010971
1668,46,46,46,21,21,0.965726,-0.0109356
1669,46,46,46,21,21,0.965805,-0.0108944
1670,46,46,46,21,21,0.965839,-0.0108499
1671,46,46,46,21,21,0.96583,-0.010805
1672,46,46,46,21,21,0.965784,-0.0107628
1673,46,46,46,21,21,0.965712,-0.0107259
1674,46,46,46,21,21,0.965628,-0.0106961
1675,46,46,46,21,21,0.96555,-0.0106746
1676,46,46,46,21,21,0.965494,-0.0106612
1677,46,46,46,21,21,0.965471,-0.0106547
1678,46,46,46,21,21,0.965491,-0.010653
1679,46,46,46,21,21,0.965558,-0.0106535
1680,46,46,46,21,21,0.965666,-0.0106531
1681,46,46,46,21,21,0.965809,-0.0106492
1682,46,46,46,21,21,0.965973,-0.0106393
1683,46,46,46,21,21,0.96614,-0.0106219
1684,46,46,46,21,21,0.966296,-0.0105963
1685,46,46,46,21,21,0.966423,-0.0105632
1686,46,46,46,21,21,0.96651,-0.0105239
1687,46,46,46,21,21,0.966551,-0.0104807
1688,46,46,46,21,21,0.966545,-0.0104364
1689,46,46,46,21,21,0.966497,-0.0103938
1690,46,46,46,21,21,0.966417,-0.0103556
1691,46,46,46,21,21,0.966321,-0.010324
1692,46,46,46,21,21,0.966226,-0.0103001
1693,46,46,46,21,21,0.966149,-0.0102842
1694,46,46,46,21,21,0.966105,-0.0102757
1695,46,46,46,21,21,0.966104,-0.0102729
1696,46,46,46,21,21,0.966152,-0.0102734
1697,46,46,46,21,21,0.966248,-0.0102745
1698,46,46,46,21,21,0.966385,-0.0102733
1699,46,46,46,21,21,0.966549,-0.0102673
1700,46,46,46,21,21,0.966727,-0.0102547
1701,46,46,46,21,21,0.966898,-0.0102342
1702,46,46,46,21,21,0.967047,-0.0102059
1703,46,46,46,21,21,0.967159,-0.0101705
1704,46,46,46,21,21,0.967224,-0.0101299
1705,46,46,46,21,21,0.967238,-0.0100863
1706,46,46,46,21,21,0.967203,-0.0100425
1707,46,46,46,21,21,0.967127,-0.0100012
1708,46,46,46,21,21,0.967025,-0.00996494
1709,46,46,46,21,21,0.966913,-0.00993548
1710,46,46,46,21,21,0.966809,-0.0099138
1711,46,46,46,21,21,0.966731,-0.00989994
1712,46,46,46,21,21,0.966692,-0.00989301
1713,46,46,46,21,21,0.966703,-0.00989125
1714,46,46,46,21,21,0.966767,-0.00989231
1715,46,46,46,21,21,0.966881,-0.00989349
1716,46,46,46,21,21,0.967036,-0.0098921
1717,46,46,46,21,21,0.967216,-0.00988574
1718,46,46,46,21,21,0.967406,-0.00987263
1719,46,46,46,21,21,0.967586,-0.00985179
1720,46,46,46,21,21,0.967738,-0.00982314
1721,46,46,46,21,21,0.967847,-0.00978756
1722,46,46,46,21,21,0.967906,-0.00974672
1723,46,46,46,21,21,0.967909,-0.00970292
1724,46,46,46,21,21,0.967861,-0.0096588
1725,46,46,46,21,21,0.967771,-0.00961704
1726,46,46,46,21,21,0.967654,-0.00958003
1727,46,46,46,21,21,0.967527,-0.00954961
1728,46,46,46,21,21,0.96741,-0.00952685
1729,46,46,46,21,21,0.967321,-0.00951193
1730,46,46,46,21,21,0.967275,-0.00950412
1731,46,46,46,21,21,0.967283,-0.00950187
1732,46,46,46,21,21,0.967347,-0.00950301
1733,46,46,46,21,21,0.967465,-0.00950497
1734,46,46,46,21,21,0.967628,-0.00950509
1735,46,46,46,21,21,0.96782,-0.00950094
1736,46,46,46,21,21,0.968024,-0.00949058
1737,46,46,46,21,21,0.96822,-0.00947278
1738,46,46,46,21,21,0.968389,-0.00944716
1739,46,46,46,21,21,0.968515,-0.00941422
1740,46,46,46,21,21,0.968586,-0.0093753
1741,46,46,46,21,21,0.968599,-0.00933241
1742,46,46,46,21,21,0.968555,-0.00928799
1743,46,46,46,21,21,0.968463,-0.00924467
1744,46,46,46,21,21,0.968336,-0.00920492
1745,46,46,46,21,21,0.968194,-0.00917083
1746,46,46,46,21,21,0.968056,-0.00914384
1747,46,46,46,21,21,0.967942,-0.0091246
1748,46,46,46,21,21,0.96787,-0.0091129
1749,46,46,46,21,21,0.967851,-0.00910767
1750,46,46,46,21,21,0.967893,-0.00910714
1751,46,46,46,21,21,0.967995,-0.00910903
1752,46,46,46,21,21,0.96815,-0.00911077
1753,46,46,46,21,21,0.968345,-0.00910983
1754,46,46,46,21,21,0.968562,-0.00910397
1755,46,46,46,21,21,0.96878,-0.00909146
1756,46,46,46,21,21,0.968979,-0.00907135
1757,46,46,46,21,21,0.96914,-0.00904346
1758,46,46,46,21,21,0.969248,-0.00900849
1759,46,46,46,21,21,0.969295,-0.00896789
1760,46,46,46,21,21,0.969278,-0.00892371
1761,46,46,46,21,21,0.969203,-0.0088784
1762,46,46,46,21,21,0.969081,-0.00883451
1763,46,46,46,21,21,0.968929,-0.00879444
1764,46,46,46,21,21,0.968767,-0.00876017
1765,46,46,46,21,21,0.968617,-0.00873308
1766,46,46,46,21,21,0.968498,-0.00871374
1767,46,46,46,21,21,0.968429,-0.00870194
1768,46,46,46,21,21,0.96842,-0.00869663
1769,46,46,46,21,21,0.968477,-0.0086961
1770,46,46,46,21,21,0.968597,-0.00869813
1771,46,46,46,21,21,0.968772,-0.00870023
1772,46,46,46,21,21,0.968987,-0.00869988
1773,46,46,46,21,21,0.969221,-0.00869486
1774,46,46,46,21,21,0.969455,-0.0086834
1775,46,46,46,21,21,0.969664,-0.00866444
1776,46,46,46,21,21,0.969831,-0.00863766
1777,46,46,46,21,21,0.96994,-0.00860357
1778,46,46,46,21,21,0.969982,-0.00856345
1779,46,46,46,21,21,0.969955,-0.00851917
1780,46,46,46,21,21,0.969865,-0.00847305
1781,46,46,46,21,21,0.969725,-0.00842759
1782,46,46,46,21,21,0.969551,-0.0083852
1783,46,46,46,21,21,0.969366,-0.00834799
1784,46,46,46,21,21,0.969192,-0.00831752
1785,46,46,46,21,21,0.969051,-0.00829468
1786,46,46,46,21,21,0.968961,-0.00827955
1787,46,46,46,21,21,0.968936,-0.00827143
1788,46,46,46,21,21,0.968981,-0.00826892
1789,46,46,46,21,21,0.969097,-0.00827002
1790,46,46,46,21,21,0.969274,-0.0082724
1791,46,46,46,21,21,0.969498,-0.00827355
1792,46,46,46,21,21,0.969749,-0.0082711
1793,46,46,46,21,21,0.970004,-0.00826305
1794,46,46,46,21,21,0.97024,-0.00824793
1795,46,46,46,21,21,0.970434,-0.00822499
1796,46,46,46,21,21,0.970571,-0.00819423
1797,46,46,46,21,21,0.970637,-0.00815644
1798,46,46,46,21,21,0.970628,-0.00811311
1799,46,46,46,21,21,0.970548,-0.00806624
1800,46,46,46,21,21,0.970406,-0.00801822
