1001,49,37,43,18,22,0.969542,0.00726011,57,38,43,15,21,0.971878,0.00688601
1002,49,37,43,18,22,0.969842,0.00727732,57,38,43,15,21,0.971691,0.0068811
1003,49,37,43,18,22,0.97024,0.00730048,57,38,43,15,21,0.971658,0.00688406
1004,49,37,43,18,22,0.970592,0.00733082,57,38,43,15,21,0.971783,0.00690008
1005,49,37,43,18,22,0.97077,0.00736736,57,38,43,15,21,0.972018,0.00693037
1006,49,37,43,18,22,0.970704,0.00740722,57,38,43,15,21,0.972285,0.00697179
1007,49,37,43,18,22,0.970404,0.00744651,57,38,43,15,21,0.972493,0.00701779
1008,49,37,43,18,22,0.969957,0.00748153,57,38,43,15,21,0.972574,0.00706046
1009,49,37,43,18,22,0.969498,0.0075099,57,38,43,15,21,0.9725,0.0070929
1010,49,37,43,18,22,0.969163,0.00753128,57,38,43,15,21,0.972289,0.00711134
1011,49,37,43,18,22,0.969048,0.00754746,57,38,43,15,21,0.972003,0.00711629
1012,49,37,43,18,22,0.969176,0.00756178,57,38,43,15,21,0.971725,0.00711235
1013,49,37,43,18,22,0.969489,0.00757811,57,38,43,15,21,0.971533,0.00710681
1014,49,37,43,18,22,0.969869,0.0075997,57,38,43,15,21,0.971477,0.00710743
1015,49,37,43,18,22,0.970176,0.00762813,57,38,43,15,21,0.971564,0.00712003
1016,49,37,43,18,22,0.970295,0.0076629,57,38,43,15,21,0.971754,0.00714675
1017,49,37,43,18,22,0.970172,0.00770155,57,38,43,15,21,0.971979,0.00718541
1018,49,37,43,18,22,0.969835,0.00774046,57,38,43,15,21,0.972157,0.00723014
1019,49,37,43,18,22,0.969379,0.00777595,57,38,43,15,21,0.972224,0.00727325
1020,49,37,43,18,22,0.968938,0.00780537,57,38,43,15,21,0.972151,0.00730756
1021,49,37,43,18,22,0.968641,0.00782793,57,38,43,15,21,0.971952,0.00732861
1022,49,37,43,18,22,0.96857,0.00784491,57,38,43,15,21,0.971679,0.00733603
1023,49,37,43,18,22,0.968731,0.00785923,57,38,43,15,21,0.971408,0.00733362
1024,49,37,43,18,22,0.969054,0.00787458,57,38,43,15,21,0.97121,0.00732822
1025,49,37,43,18,22,0.969417,0.00789428,57,38,43,15,21,0.971134,0.00732754
1026,49,37,43,18,22,0.969685,0.00792025,57,38,43,15,21,0.971191,0.00733787
1027,49,37,43,18,22,0.969753,0.00795252,57,38,43,15,21,0.971349,0.00736205
1028,49,37,43,18,22,0.969585,0.00798917,57,38,43,15,21,0.971549,0.00739868
1029,49,37,43,18,22,0.969219,0.00802701,57,38,43,15,21,0.971716,0.00744249
1030,49,37,43,18,22,0.968759,0.00806254,57,38,43,15,21,0.971791,0.00748599
1031,49,37,43,18,22,0.968339,0.00809301,57,38,43,15,21,0.971742,0.00752177
1032,49,37,43,18,22,0.96808,0.00811728,57,38,43,15,21,0.971577,0.00754479
1033,49,37,43,18,22,0.96805,0.00813614,57,38,43,15,21,0.971338,0.0075539
1034,49,37,43,18,22,0.96824,0.00815201,57,38,43,15,21,0.971092,0.00755225
1035,49,37,43,18,22,0.968572,0.00816821,57,38,43,15,21,0.970903,0.0075463
1036,49,37,43,18,22,0.968919,0.00818791,57,38,43,15,21,0.97082,0.00754385
1037,49,37,43,18,22,0.969152,0.00821314,57,38,43,15,21,0.970855,0.00755163
1038,49,37,43,18,22,0.969177,0.0082442,57,38,43,15,21,0.970985,0.00757327
1039,49,37,43,18,22,0.96897,0.00827959,57,38,43,15,21,0.971158,0.00760815
1040,49,37,43,18,22,0.968584,0.00831645,57,38,43,15,21,0.971309,0.00765162
1041,49,37,43,18,22,0.968127,0.0083515,57,38,43,15,21,0.971381,0.00769637
1042,49,37,43,18,22,0.967732,0.00838202,57,38,43,15,21,0.971342,0.00773474
1043,49,37,43,18,22,0.967512,0.00840671,57,38,43,15,21,0.971194,0.00776101
1044,49,37,43,18,22,0.967521,0.00842608,57,38,43,15,21,0.970973,0.00777318
1045,49,37,43,18,22,0.967738,0.00844225,57,38,43,15,21,0.970737,0.00777359
1046,49,37,43,18,22,0.968075,0.00845835,57,38,43,15,21,0.970546,0.00776817
1047,49,37,43,18,22,0.968404,0.00847753,57,38,43,15,21,0.970447,0.00776462
1048,49,37,43,18,22,0.968601,0.00850197,57,38,43,15,21,0.970455,0.00777007
1049,49,37,43,18,22,0.968583,0.00853227,57,38,43,15,21,0.970556,0.00778885
1050,49,37,43,18,22,0.968339,0.00856725,57,38,43,15,21,0.970704,0.00782118
1051,49,37,43,18,22,0.967932,0.00860432,57,38,43,15,21,0.970842,0.00786309
1052,49,37,43,18,22,0.967477,0.00864029,57,38,43,15,21,0.970915,0.00790768
1053,49,37,43,18,22,0.967104,0.00867236,57,38,43,15,21,0.970889,0.00794718
1054,49,37,43,18,22,0.966918,0.00869893,57,38,43,15,21,0.970762,0.00797541
1055,49,37,43,18,22,0.966961,0.00872013,57,38,43,15,21,0.970562,0.00798966
1056,49,37,43,18,22,0.9672,0.0087377,57,38,43,15,21,0.970338,0.00799153
1057,49,37,43,18,22,0.967539,0.00875451,57,38,43,15,21,0.970146,0.00798643
1058,49,37,43,18,22,0.967849,0.00877364,57,38,43,15,21,0.970031,0.00798197
1059,49,37,43,18,22,0.96801,0.00879744,57,38,43,15,21,0.970014,0.00798556
1060,49,37,43,18,22,0.967952,0.00882683,57,38,43,15,21,0.970086,0.00800215
1061,49,37,43,18,22,0.967674,0.00886103,57,38,43,15,21,0.97021,0.00803272
1062,49,37,43,18,22,0.967249,0.00889782,57,38,43,15,21,0.970334,0.00807395
1063,49,37,43,18,22,0.966797,0.00893422,57,38,43,15,21,0.970408,0.00811923
1064,49,37,43,18,22,0.966446,0.0089674,57,38,43,15,21,0.970397,0.00816071
1065,49,37,43,18,22,0.966292,0.00899556,57,38,43,15,21,0.970292,0.00819171
1066,49,37,43,18,22,0.966366,0.00901845,57,38,43,15,21,0.970113,0.00820876
1067,49,37,43,18,22,0.966624,0.00903746,57,38,43,15,21,0.969903,0.0082127
1068,49,37,43,18,22,0.966962,0.00905516,57,38,43,15,21,0.969711,0.00820843
1069,49,37,43,18,22,0.967252,0.00907452,57,38,43,15,21,0.969583,0.00820336
1070,49,37,43,18,22,0.967378,0.009098,57,38,43,15,21,0.969541,0.00820521
1071,49,37,43,18,22,0.967281,0.00912684,57,38,43,15,21,0.969584,0.00821955
1072,49,37,43,18,22,0.966972,0.00916066,57,38,43,15,21,0.969684,0.00824816
1073,49,37,43,18,22,0.966532,0.00919759,57,38,43,15,21,0.969794,0.00828842
1074,49,37,43,18,22,0.966084,0.0092349,57,38,43,15,21,0.969868,0.00833413
1075,49,37,43,18,22,0.965755,0.0092698,57,38,43,15,21,0.969869,0.00837741
1076,49,37,43,18,22,0.965632,0.00930029,57,38,43,15,21,0.969784,0.00841114
1077,49,37,43,18,22,0.965734,0.00932579,57,38,43,15,21,0.969624,0.00843114
1078,49,37,43,18,22,0.966008,0.00934726,57,38,43,15,21,0.969426,0.00843744
1079,49,37,43,18,22,0.966344,0.00936693,57,38,43,15,21,0.969233,0.00843434
1080,49,37,43,18,22,0.966612,0.00938758,57,38,43,15,21,0.96909,0.00842902
1081,49,37,43,18,22,0.966704,0.00941168,57,38,43,15,21,0.969024,0.00842939
1082,49,37,43,18,22,0.96657,0.00944067,57,38,43,15,21,0.969038,0.00844164
1083,49,37,43,18,22,0.966231,0.00947449,57,38,43,15,21,0.969113,0.00846831
1084,49,37,43,18,22,0.965778,0.00951165,57,38,43,15,21,0.96921,0.00850754
1085,49,37,43,18,22,0.965337,0.00954965,57,38,43,15,21,0.969284,0.00855361
1086,49,37,43,18,22,0.96503,0.0095858,57,38,43,15,21,0.969298,0.00859871
1087,49,37,43,18,22,0.964936,0.00961801,57,38,43,15,21,0.969234,0.00863534
1088,49,37,43,18,22,0.965065,0.00964544,57,38,43,15,21,0.969096,0.00865863
1089,49,37,43,18,22,0.965352,0.00966876,57,38,43,15,21,0.968911,0.00866785
1090,49,37,43,18,22,0.965682,0.00968995,57,38,43,15,21,0.968719,0.00866663
1091,49,37,43,18,22,0.965927,0.00971165,57,38,43,15,21,0.968564,0.00866185
1092,49,37,43,18,22,0.965983,0.00973641,57,38,43,15,21,0.968474,0.00866155
1093,49,37,43,18,22,0.96581,0.00976586,57,38,43,15,21,0.968462,0.00867242
1094,49,37,43,18,22,0.965442,0.00980025,57,38,43,15,21,0.968513,0.00869775
1095,49,37,43,18,22,0.964975,0.00983837,57,38,43,15,21,0.968596,0.00873642
1096,49,37,43,18,22,0.964538,0.00987793,57,38,43,15,21,0.96867,0.00878324
1097,49,37,43,18,22,0.96425,0.00991622,57,38,43,15,21,0.968696,0.0088305
1098,49,37,43,18,22,0.964182,0.00995098,57,38,43,15,21,0.968651,0.0088704
1099,49,37,43,18,22,0.964331,0.00998107,57,38,43,15,21,0.968532,0.00889744
1100,49,37,43,18,22,0.964627,0.0100068,57,38,43,15,21,0.968358,0.00891012
1101,49,37,43,18,22,0.964948,0.0100299,57,38,43,15,21,0.968165,0.00891138
1102,49,37,43,18,22,0.965166,0.0100528,57,38,43,15,21,0.967995,0.00890775
1103,49,37,43,18,22,0.965185,0.0100783,57,38,43,15,21,0.96788,0.00890732
1104,49,37,43,18,22,0.964974,0.0101081,57,38,43,15,21,0.967837,0.00891721
1105,49,37,43,18,22,0.964576,0.010143,57,38,43,15,21,0.967863,0.00894142
1106,49,37,43,18,22,0.964096,0.0101822,57,38,43,15,21,0.96793,0.00897954
1107,49,37,43,18,22,0.963665,0.0102235,57,38,43,15,21,0.968002,0.00902687
1108,49,37,43,18,22,0.963398,0.0102644,57,38,43,15,21,0.968039,0.00907589
1109,49,37,43,18,22,0.963355,0.0103024,57,38,43,15,21,0.968012,0.00911855
1110,49,37,43,18,22,0.963526,0.010336,57,38,43,15,21,0.967911,0.00914878
1111,49,37,43,18,22,0.963829,0.0103652,57,38,43,15,21,0.967748,0.00916437
1112,49,37,43,18,22,0.964139,0.0103912,57,38,43,15,21,0.967553,0.00916768
1113,49,37,43,18,22,0.964328,0.0104164,57,38,43,15,21,0.967366,0.00916493
1114,49,37,43,18,22,0.964308,0.0104433,57,38,43,15,21,0.967225,0.00916431
1115,49,37,43,18,22,0.964056,0.0104742,57,38,43,15,21,0.967153,0.00917344
1116,49,37,43,18,22,0.963628,0.01051,57,38,43,15,21,0.967152,0.00919701
1117,49,37,43,18,22,0.963133,0.0105503,57,38,43,15,21,0.967204,0.00923534
1118,49,37,43,18,22,0.962704,0.0105933,57,38,43,15,21,0.967274,0.00928422
1119,49,37,43,18,22,0.962454,0.0106365,57,38,43,15,21,0.967322,0.00933621
1120,49,37,43,18,22,0.962434,0.0106774,57,38,43,15,21,0.967312,0.00938294
1121,49,37,43,18,22,0.962622,0.0107142,57,38,43,15,21,0.967228,0.00941764
1122,49,37,43,18,22,0.962929,0.0107464,57,38,43,15,21,0.967074,0.00943728
1123,49,37,43,18,22,0.963224,0.0107752,57,38,43,15,21,0.966875,0.00944348
1124,49,37,43,18,22,0.963381,0.0108026,57,38,43,15,21,0.96667,0.00944208
1125,49,37,43,18,22,0.963318,0.0108313,57,38,43,15,21,0.966499,0.00944132
1126,49,37,43,18,22,0.963024,0.0108638,57,38,43,15,21,0.966394,0.00944934
1127,49,37,43,18,22,0.962562,0.0109013,57,38,43,15,21,0.966365,0.00947163
1128,49,37,43,18,22,0.962051,0.0109438,57,38,43,15,21,0.966401,0.00950936
1129,49,37,43,18,22,0.961623,0.0109897,57,38,43,15,21,0.96647,0.009559
1130,49,37,43,18,22,0.961387,0.0110365,57,38,43,15,21,0.96653,0.00961339
1131,49,37,43,18,22,0.961387,0.0110816,57,38,43,15,21,0.96654,0.00966391
1132,49,37,43,18,22,0.961589,0.0111227,57,38,43,15,21,0.966476,0.0097032
1133,49,37,43,18,22,0.961895,0.011159,57,38,43,15,21,0.966333,0.0097274
1134,49,37,43,18,22,0.962171,0.0111912,57,38,43,15,21,0.966131,0.00973736
1135,49,37,43,18,22,0.962292,0.0112212,57,38,43,15,21,0.965906,0.00973841
1136,49,37,43,18,22,0.962182,0.0112518,57,38,43,15,21,0.965704,0.00973877
1137,49,37,43,18,22,0.96184,0.0112857,57,38,43,15,21,0.965562,0.00974695
1138,49,37,43,18,22,0.96134,0.0113247,57,38,43,15,21,0.965501,0.00976917
1139,49,37,43,18,22,0.960807,0.0113694,57,38,43,15,21,0.965516,0.00980743
1140,49,37,43,18,22,0.960375,0.0114184,57,38,43,15,21,0.965579,0.00985881
1141,49,37,43,18,22,0.960148,0.0114696,57,38,43,15,21,0.965649,0.00991641
1142,49,37,43,18,22,0.960161,0.0115199,57,38,43,15,21,0.965679,0.00997142
1143,49,37,43,18,22,0.960372,0.0115668,57,38,43,15,21,0.965634,0.0100158
1144,49,37,43,18,22,0.960673,0.0116089,57,38,43,15,21,0.965501,0.010045
1145,49,37,43,18,22,0.960927,0.0116463,57,38,43,15,21,0.965294,0.0100589
1146,49,37,43,18,22,0.961008,0.0116806,57,38,43,15,21,0.965049,0.0100625
1147,49,37,43,18,22,0.96085,0.0117145,57,38,43,15,21,0.964813,0.0100638
1148,49,37,43,18,22,0.960461,0.0117509,57,38,43,15,21,0.964632,0.010072
1149,49,37,43,18,22,0.959923,0.0117923,57,38,43,15,21,0.964535,0.0100939
1150,49,37,43,18,22,0.959369,0.0118394,57,38,43,15,21,0.964527,0.0101326
1151,49,37,43,18,22,0.958934,0.0118916,57,38,43,15,21,0.964585,0.0101858
1152,49,37,43,18,22,0.958718,0.0119468,57,38,43,15,21,0.964665,0.010247
1153,49,37,43,18,22,0.958748,0.012002,57,38,43,15,21,0.964714,0.0103072
1154,49,37,43,18,22,0.95897,0.0120545,57,38,43,15,21,0.96469,0.0103577
1155,49,37,43,18,22,0.959268,0.0121023,57,38,43,15,21,0.964569,0.010393
1156,49,37,43,18,22,0.959502,0.012145,57,38,43,15,21,0.964358,0.0104122
1157,49,37,43,18,22,0.95955,0.0121842,57,38,43,15,21,0.964091,0.0104195
1158,49,37,43,18,22,0.95935,0.0122223,57,38,43,15,21,0.96382,0.010423
1159,49,37,43,18,22,0.958921,0.0122626,57,38,43,15,21,0.963597,0.010432
1160,49,37,43,18,22,0.958357,0.0123077,57,38,43,15,21,0.963463,0.0104544
1161,49,37,43,18,22,0.957796,0.0123591,57,38,43,15,21,0.963431,0.010494
1162,49,37,43,18,22,0.957374,0.0124164,57,38,43,15,21,0.963483,0.0105494
1163,49,37,43,18,22,0.957186,0.0124776,57,38,43,15,21,0.963574,0.0106145
1164,49,37,43,18,22,0.957248,0.0125395,57,38,43,15,21,0.963645,0.0106802
1165,49,37,43,18,22,0.957496,0.0125989,57,38,43,15,21,0.963645,0.0107374
1166,49,37,43,18,22,0.957806,0.0126534,57,38,43,15,21,0.963538,0.0107794
1167,49,37,43,18,22,0.958032,0.012702,57,38,43,15,21,0.963325,0.0108047
1168,49,37,43,18,22,0.958054,0.012746,57,38,43,15,21,0.963037,0.0108167
1169,49,37,43,18,22,0.957819,0.0127879,57,38,43,15,21,0.962728,0.0108234
1170,49,37,43,18,22,0.957356,0.0128315,57,38,43,15,21,0.962461,0.0108344
1171,49,37,43,18,22,0.95677,0.0128799,57,38,43,15,21,0.962288,0.0108585
1172,49,37,43,18,22,0.956203,0.0129353,57,38,43,15,21,0.962229,0.0109004
1173,49,37,43,18,22,0.955796,0.0129981,57,38,43,15,21,0.962274,0.0109595
1174,49,37,43,18,22,0.955636,0.0130662,57,38,43,15,21,0.962376,0.0110303
1175,49,37,43,18,22,0.955732,0.0131366,57,38,43,15,21,0.962472,0.0111034
1176,49,37,43,18,22,0.956006,0.0132053,57,38,43,15,21,0.962496,0.011169
1177,49,37,43,18,22,0.956326,0.0132691,57,38,43,15,21,0.962405,0.0112196
1178,49,37,43,18,22,0.956541,0.0133264,57,38,43,15,21,0.962189,0.0112526
1179,49,37,43,18,22,0.956533,0.0133778,57,38,43,15,21,0.961876,0.0112706
1180,49,37,43,18,22,0.956257,0.0134259,57,38,43,15,21,0.961525,0.0112815
1181,49,37,43,18,22,0.955753,0.0134744,57,38,43,15,21,0.961209,0.0112953
1182,49,37,43,18,22,0.955135,0.0135274,57,38,43,15,21,0.96099,0.0113215
1183,49,37,43,18,22,0.954556,0.0135877,57,38,43,15,21,0.960901,0.0113661
1184,49,37,43,18,22,0.954155,0.0136564,57,38,43,15,21,0.960936,0.0114294
1185,49,37,43,18,22,0.954016,0.0137322,57,38,43,15,21,0.96105,0.0115063
1186,49,37,43,18,22,0.954134,0.0138116,57,38,43,15,21,0.96117,0.0115876
1187,49,37,43,18,22,0.954424,0.0138906,57,38,43,15,21,0.96122,0.0116626
1188,49,37,43,18,22,0.954741,0.0139652,57,38,43,15,21,0.961143,0.0117229
1189,49,37,43,18,22,0.95493,0.0140332,57,38,43,15,21,0.960919,0.0117647
1190,49,37,43,18,22,0.954875,0.0140946,57,38,43,15,21,0.960574,0.01179
1191,49,37,43,18,22,0.95454,0.0141516,57,38,43,15,21,0.96017,0.0118062
1192,49,37,43,18,22,0.953975,0.0142085,57,38,43,15,21,0.959791,0.0118239
1193,49,37,43,18,22,0.953309,0.0142699,57,38,43,15,21,0.959511,0.0118535
1194,49,37,43,18,22,0.9527,0.0143393,57,38,43,15,21,0.959379,0.0119021
1195,49,37,43,18,22,0.952291,0.0144185,57,38,43,15,21,0.959394,0.0119712
1196,49,37,43,18,22,0.952159,0.0145064,57,38,43,15,21,0.959511,0.0120562
1197,49,37,43,18,22,0.95229,0.0145997,57,38,43,15,21,0.959651,0.0121477
1198,49,37,43,18,22,0.952584,0.0146934,57,38,43,15,21,0.959722,0.0122345
1199,49,37,43,18,22,0.952886,0.014783,57,38,43,15,21,0.959654,0.0123069
1200,49,37,43,18,22,0.953035,0.014865,57,38,43,15,21,0.959416,0.0123597
1201,49,37,43,18,22,0.952918,0.014939,57,38,43,15,21,0.959028,0.0123941
1202,49,37,43,18,22,0.952505,0.0150071,57,38,43,15,21,0.958558,0.0124174
1203,49,37,43,18,22,0.951863,0.0150738,57,38,43,15,21,0.958099,0.0124404
1204,49,37,43,18,22,0.95113,0.0151446,57,38,43,15,21,0.957744,0.0124748
1205,49,37,43,18,22,0.950476,0.0152244,57,38,43,15,21,0.957552,0.0125291
1206,49,37,43,18,22,0.950044,0.0153157,57,38,43,15,21,0.957535,0.0126061
1207,49,37,43,18,22,0.949906,0.0154181,57,38,43,15,21,0.957646,0.0127019
1208,49,37,43,18,22,0.950037,0.0155283,57,38,43,15,21,0.957797,0.0128073
1209,49,37,43,18,22,0.950322,0.0156409,57,38,43,15,21,0.957883,0.0129099
1210,49,37,43,18,22,0.950594,0.0157501,57,38,43,15,21,0.957815,0.0129989
1211,49,37,43,18,22,0.950686,0.0158514,57,38,43,15,21,0.957551,0.0130673
1212,49,37,43,18,22,0.950487,0.0159435,57,38,43,15,21,0.957104,0.0131154
1213,49,37,43,18,22,0.949978,0.0160281,57,38,43,15,21,0.956546,0.0131496
1214,49,37,43,18,22,0.949237,0.0161102,57,38,43,15,21,0.955985,0.0131815
1215,49,37,43,18,22,0.94842,0.016196,57,38,43,15,21,0.95553,0.0132238
1216,49,37,43,18,22,0.947705,0.0162916,57,38,43,15,21,0.955259,0.0132869
1217,49,37,43,18,22,0.947238,0.0164009,57,38,43,15,21,0.955191,0.013375
1218,49,37,43,18,22,0.947085,0.0165241,57,38,43,15,21,0.955283,0.0134854
1219,49,37,43,18,22,0.947206,0.0166579,57,38,43,15,21,0.955437,0.0136087
1220,49,37,43,18,22,0.947471,0.0167962,57,38,43,15,21,0.955529,0.0137321
1221,49,37,43,18,22,0.947697,0.0169319,57,38,43,15,21,0.955453,0.0138427
1222,49,37,43,18,22,0.947712,0.0170595,57,38,43,15,21,0.955148,0.0139323
1223,49,37,43,18,22,0.947403,0.0171762,57,38,43,15,21,0.954623,0.0139993
1224,49,37,43,18,22,0.946763,0.0172834,57,38,43,15,21,0.953955,0.0140499
1225,49,37,43,18,22,0.945886,0.0173866,57,38,43,15,21,0.953265,0.0140959
1226,49,37,43,18,22,0.944945,0.0174932,57,38,43,15,21,0.952685,0.0141515
1227,49,37,43,18,22,0.944129,0.0176108,57,38,43,15,21,0.952311,0.014229
1228,49,37,43,18,22,0.943591,0.0177449,57,38,43,15,21,0.952177,0.0143347
1229,49,37,43,18,22,0.943387,0.0178968,57,38,43,15,21,0.95224,0.0144669
1230,49,37,43,18,22,0.943465,0.0180633,57,38,43,15,21,0.952389,0.0146167
1231,49,37,43,18,22,0.943677,0.0182374,57,38,43,15,21,0.952481,0.0147699
1232,49,37,43,18,22,0.943823,0.0184108,57,38,43,15,21,0.952384,0.0149121
1233,49,37,43,18,22,0.943721,0.0185757,57,38,43,15,21,0.95202,0.0150325
1234,49,37,43,18,22,0.94326,0.0187283,57,38,43,15,21,0.951388,0.015128
1235,49,37,43,18,22,0.942445,0.0188692,57,38,43,15,21,0.950571,0.0152037
1236,49,37,43,18,22,0.941388,0.0190042,57,38,43,15,21,0.94971,0.015272
1237,49,37,43,18,22,0.940281,0.0191423,57,38,43,15,21,0.948959,0.015349
1238,49,37,43,18,22,0.939331,0.0192933,57,38,43,15,21,0.948442,0.0154493
1239,49,37,43,18,22,0.93869,0.0194647,57,38,43,15,21,0.948208,0.0155817
1240,49,37,43,18,22,0.93841,0.0196594,57,38,43,15,21,0.948214,0.0157465
1241,49,37,43,18,22,0.93842,0.0198746,57,38,43,15,21,0.948338,0.0159349
1242,49,37,43,18,22,0.938548,0.0201023,57,38,43,15,21,0.94841,0.0161319
1243,49,37,43,18,22,0.938575,0.0203322,57,38,43,15,21,0.948267,0.0163205
1244,49,37,43,18,22,0.938305,0.0205542,57,38,43,15,21,0.947806,0.0164873
1245,49,37,43,18,22,0.937629,0.0207621,57,38,43,15,21,0.947016,0.0166266
1246,49,37,43,18,22,0.936563,0.0209557,57,38,43,15,21,0.945985,0.0167422
1247,49,37,43,18,22,0.935246,0.0211412,57,38,43,15,21,0.944876,0.0168472
1248,49,37,43,18,22,0.933892,0.0213296,57,38,43,15,21,0.943876,0.0169597
1249,49,37,43,18,22,0.932726,0.0215335,57,38,43,15,21,0.94314,0.0170975
1250,49,37,43,18,22,0.93191,0.0217638,57,38,43,15,21,0.942738,0.0172731
1251,49,37,43,18,22,0.931484,0.0220257,57,38,43,15,21,0.94263,0.0174893
1252,49,37,43,18,22,0.931356,0.0223173,57,38,43,15,21,0.942675,0.0177381
1253,49,37,43,18,22,0.931324,0.0226298,57,38,43,15,21,0.942671,0.0180035
1254,49,37,43,18,22,0.931141,0.0229504,57,38,43,15,21,0.942417,0.0182657
1255,49,37,43,18,22,0.930595,0.0232656,57,38,43,15,21,0.941777,0.0185072
1256,49,37,43,18,22,0.929576,0.0235662,57,38,43,15,21,0.940722,0.0187191
1257,49,37,43,18,22,0.928116,0.02385,57,38,43,15,21,0.939349,0.0189034
1258,49,37,43,18,22,0.926381,0.0241236,57,38,43,15,21,0.937848,0.0190734
1259,49,37,43,18,22,0.924619,0.0244004,57,38,43,15,21,0.936448,0.01925
1260,49,37,43,18,22,0.92308,0.0246973,57,38,43,15,21,0.935345,0.0194557
1261,49,37,43,18,22,0.921933,0.0250297,57,38,43,15,21,0.934637,0.0197079
1262,49,37,43,18,22,0.921209,0.0254069,57,38,43,15,21,0.934286,0.0200133
1263,49,37,43,18,22,0.920785,0.0258289,57,38,43,15,21,0.934129,0.0203661
1264,49,37,43,18,22,0.920421,0.0262864,57,38,43,15,21,0.933919,0.0207489
1265,49,37,43,18,22,0.919831,0.0267632,57,38,43,15,21,0.933402,0.0211383
1266,49,37,43,18,22,0.918777,0.0272414,57,38,43,15,21,0.932396,0.0215117
1267,49,37,43,18,22,0.917147,0.0277071,57,38,43,15,21,0.930849,0.0218549
1268,49,37,43,18,22,0.914992,0.0281554,57,38,43,15,21,0.928865,0.0221671
1269,49,37,43,18,22,0.912515,0.0285932,57,38,43,15,21,0.926671,0.0224619
1270,49,37,43,18,22,0.910006,0.0290374,57,38,43,15,21,0.924553,0.022764
1271,49,37,43,18,22,0.907748,0.0295117,57,38,43,15,21,0.922762,0.023103
1272,49,37,43,18,22,0.905923,0.0300395,57,38,43,15,21,0.921433,0.0235044
1273,49,37,43,18,22,0.904545,0.0306371,57,38,43,15,21,0.920535,0.0239822
1274,49,37,43,18,22,0.903449,0.031309,57,38,43,15,21,0.919869,0.0245346
1275,49,37,43,18,22,0.902335,0.0320461,57,38,43,15,21,0.919122,0.025144
1276,49,37,43,18,22,0.900859,0.0328283,57,38,43,15,21,0.917962,0.0257823
1277,49,37,43,18,22,0.898744,0.0336309,57,38,43,15,21,0.916136,0.0264196
1278,49,37,43,18,22,0.895864,0.0344326,57,38,43,15,21,0.913555,0.0270337
1279,49,37,43,18,22,0.892295,0.0352236,57,38,43,15,21,0.910328,0.0276184
1280,49,37,43,18,22,0.888288,0.0360104,57,38,43,15,21,0.906734,0.0281871
1281,49,37,43,18,22,0.88419,0.0368163,57,38,43,15,21,0.903134,0.0287708
1282,49,37,43,18,22,0.880329,0.0376767,57,38,43,15,21,0.899863,0.0294111
1283,49,37,43,18,22,0.876899,0.0386307,57,38,43,15,21,0.897105,0.0301488
1284,49,37,43,18,22,0.873882,0.0397103,57,38,43,15,21,0.894832,0.0310132
1285,49,37,43,18,22,0.871038,0.0409319,57,38,43,15,21,0.892783,0.0320133
1286,49,37,43,18,22,0.867965,0.0422916,57,38,43,15,21,0.890535,0.0331356
1287,49,37,43,18,22,0.864214,0.0437667,57,38,43,15,21,0.887619,0.0343477
1288,49,37,43,18,22,0.859426,0.0453233,57,38,43,15,21,0.883657,0.0356093
1289,49,37,43,18,22,0.853441,0.0469286,57,38,43,15,21,0.878484,0.0368851
1290,49,37,43,18,22,0.846348,0.0485643,57,38,43,15,21,0.872201,0.0381591
1291,49,37,43,18,22,0.838455,0.0502369,57,38,43,15,21,0.865146,0.0394436
1292,49,37,43,18,22,0.830177,0.0519823,57,38,43,15,21,0.857789,0.0407807
1293,49,37,43,18,22,0.821882,0.0538621,57,38,43,15,21,0.850567,0.0422366
1294,49,37,43,18,22,0.813745,0.0559524,57,38,43,15,21,0.843723,0.043887
1295,49,37,43,18,22,0.805646,0.0583269,57,38,43,15,21,0.837186,0.0458001
1296,49,37,43,18,22,0.797161,0.0610399,57,38,43,15,21,0.830546,0.0480203
1297,49,37,43,18,22,0.787643,0.0641138,57,38,43,15,21,0.823125,0.0505571
1298,49,37,43,18,22,0.776388,0.0675357,57,38,43,15,21,0.814144,0.0533847
1299,49,37,43,18,22,0.762813,0.0712646,57,38,43,15,21,0.80293,0.0564521
1300,49,37,43,18,22,0.746608,0.0752495,57,38,43,15,21,0.789093,0.0597019
1301,49,37,43,18,22,0.727798,0.0794542,57,38,43,15,21,0.772629,0.0630947
1302,49,37,43,18,22,0.706678,0.0838817,57,38,43,15,21,0.753889,0.0666309
1303,49,37,43,18,22,0.683653,0.0885907,57,38,43,15,21,0.733421,0.070365
1304,49,37,43,18,22,0.659001,0.0936992,57,38,43,15,21,0.711713,0.074405
1305,49,37,43,18,22,0.632652,0.0993687,57,38,43,15,21,0.688918,0.0788963
1306,49,37,43,18,22,0.604067,0.105771,57,38,43,15,21,0.664644,0.0839898
1307,49,37,43,18,22,0.572261,0.113041,57,38,43,15,21,0.6379,0.0897997
1308,49,37,43,18,22,0.536019,0.121224,57,38,43,15,21,0.607242,0.0963598
1309,49,37,43,18,22,0.494271,0.13023,57,38,43,15,21,0.571113,0.103585
1310,49,37,43,18,22,0.446539,0.139806,57,38,43,15,21,0.528341,0.111253
1311,49,37,43,18,22,0.393367,0.149525,57,38,43,15,21,0.478649,0.118999
1312,49,37,43,18,22,0.33659,0.158817,57,38,43,15,21,0.423087,0.126348
1313,49,37,43,18,22,0.279374,0.167018,57,38,43,15,21,0.36423,0.132758
1314,49,37,43,18,22,0.22595,0.173449,57,38,43,15,21,0.306074,0.137684
1315,49,37,43,18,22,0.181094,0.177493,57,38,43,15,21,0.253606,0.140646
1316,49,37,43,18,22,0.149422,0.178683,57,38,43,15,21,0.212114,0.141293
1317,49,37,43,18,22,0.134632,0.176764,57,38,43,15,21,0.186349,0.139451
1318,49,37,43,18,22,0.138873,0.171726,57,38,43,15,21,0.17971,0.135148
1319,49,37,43,18,22,0.162345,0.163812,57,38,43,15,21,0.193636,0.12861
1320,49,37,43,18,22,0.203237,0.153487,57,38,43,15,21,0.227303,0.120233
1321,49,37,43,18,22,0.258015,0.141376,57,38,43,15,21,0.277737,0.110535
1322,49,37,43,18,22,0.321996,0.128194,57,38,43,15,21,0.34029,0.100092
1323,49,37,43,18,22,0.390088,0.114658,57,38,43,15,21,0.409394,0.0894755
1324,49,37,43,18,22,0.457548,0.101418,57,38,43,15,21,0.479446,0.0791943
1325,49,37,43,18,22,0.520605,0.0889964,57,38,43,15,21,0.54563,0.0696484
1326,49,37,43,18,22,0.576839,0.0777533,57,38,43,15,21,0.604527,0.0611062
1327,49,37,43,18,22,0.625266,0.0678799,57,38,43,15,21,0.654406,0.0536984
1328,49,37,43,18,22,0.666148,0.0594122,57,38,43,15,21,0.695167,0.0474319
1329,49,37,43,18,22,0.7006,0.0522631,57,38,43,15,21,0.727987,0.0422161
1330,49,37,43,18,22,0.730113,0.0462649,57,38,43,15,21,0.754774,0.0378978
1331,49,37,43,18,22,0.756111,0.0412124,57,38,43,15,21,0.777577,0.0342966
1332,49,37,43,18,22,0.779636,0.0369015,57,38,43,15,21,0.798089,0.0312362
1333,49,37,43,18,22,0.801211,0.0331565,57,38,43,15,21,0.817339,0.0285678
1334,49,37,43,18,22,0.820886,0.029846,57,38,43,15,21,0.835619,0.0261828
1335,49,37,43,18,22,0.838412,0.0268859,57,38,43,15,21,0.852631,0.0240158
1336,49,37,43,18,22,0.85348,0.0242329,57,38,43,15,21,0.867767,0.0220388
1337,49,37,43,18,22,0.86593,0.0218724,57,38,43,15,21,0.880438,0.0202502
1338,49,37,43,18,22,0.875882,0.0198034,57,38,43,15,21,0.890347,0.0186609
1339,49,37,43,18,22,0.883755,0.0180253,57,38,43,15,21,0.89763,0.0172823
1340,49,37,43,18,22,0.890174,0.0165281,57,38,43,15,21,0.902841,0.016116
1341,49,37,43,18,22,0.895817,0.0152883,57,38,43,15,21,0.906809,0.0151497
1342,49,37,43,18,22,0.901249,0.0142694,57,38,43,15,21,0.910406,0.0143569
1343,49,37,43,18,22,0.906792,0.0134257,57,38,43,15,21,0.914323,0.0137006
1344,49,37,43,18,22,0.912482,0.0127095,57,38,43,15,21,0.918903,0.0131403
1345,49,37,43,18,22,0.91811,0.0120782,57,38,43,15,21,0.924087,0.0126385
1346,49,37,43,18,22,0.923326,0.0114994,57,38,43,15,21,0.929487,0.0121672
1347,49,37,43,18,22,0.927783,0.0109545,57,38,43,15,21,0.934541,0.011711
1348,49,37,43,18,22,0.931263,0.0104388,57,38,43,15,21,0.93871,0.0112678
1349,49,37,43,18,22,0.933752,0.00995853,57,38,43,15,21,0.941659,0.010846
1350,49,37,43,18,22,0.935444,0.00952639,57,38,43,15,21,0.943354,0.0104598
1351,49,37,43,18,22,0.936683,0.00915582,57,38,43,15,21,0.944067,0.0101238
1352,49,37,43,18,22,0.937849,0.00885603,57,38,43,15,21,0.944286,0.00984803
1353,49,37,43,18,22,0.939255,0.00862846,57,38,43,15,21,0.944563,0.00963452
1354,49,37,43,18,22,0.941054,0.00846569,57,38,43,15,21,0.945346,0.00947642
1355,49,37,43,18,22,0.94321,0.00835267,57,38,43,15,21,0.946858,0.00935961
1356,49,37,43,18,22,0.945528,0.00827004,57,38,43,15,21,0.949043,0.00926614
1357,49,37,43,18,22,0.947725,0.0081985,57,38,43,15,21,0.951602,0.00917861
1358,49,37,43,18,22,0.949532,0.00812303,57,38,43,15,21,0.954099,0.00908421
1359,49,37,43,18,22,0.950778,0.00803605,57,38,43,15,21,0.956108,0.00897734
1360,49,37,43,18,22,0.951446,0.00793849,57,38,43,15,21,0.957339,0.00886033
1361,49,37,43,18,22,0.95167,0.00783869,57,38,43,15,21,0.957731,0.00874192
1362,49,37,43,18,22,0.951691,0.00774944,57,38,43,15,21,0.957459,0.00863422
1363,49,37,43,18,22,0.951777,0.00768388,57,38,43,15,21,0.956871,0.00854883
1364,49,37,43,18,22,0.952139,0.00765151,57,38,43,15,21,0.956381,0.00849339
1365,49,37,43,18,22,0.952872,0.00765535,57,38,43,15,21,0.956336,0.00846937
1366,49,37,43,18,22,0.95393,0.00769088,57,38,43,15,21,0.956918,0.00847166
1367,49,37,43,18,22,0.95515,0.00774729,57,38,43,15,21,0.958093,0.00849006
1368,49,37,43,18,22,0.95631,0.00781038,57,38,43,15,21,0.959631,0.00851222
1369,49,37,43,18,22,0.9572,0.00786642,57,38,43,15,21,0.961189,0.00852699
1370,49,37,43,18,22,0.957694,0.00790588,57,38,43,15,21,0.962417,0.00852738
1371,49,37,43,18,22,0.957782,0.00792584,57,38,43,15,21,0.963069,0.0085123
1372,49,37,43,18,22,0.957575,0.00793061,57,38,43,15,21,0.963076,0.00848648
1373,49,37,43,18,22,0.957257,0.00793016,57,38,43,15,21,0.962561,0.00845882
1374,49,37,43,18,22,0.957035,0.00793706,57,38,43,15,21,0.961796,0.00843959
1375,49,37,43,18,22,0.957066,0.00796262,57,38,43,15,21,0.961113,0.0084373
1376,49,37,43,18,22,0.957414,0.00801356,57,38,43,15,21,0.960801,0.00845624
1377,49,37,43,18,22,0.958031,0.00809,57,38,43,15,21,0.961018,0.00849529
1378,49,37,43,18,22,0.958781,0.00818543,57,38,43,15,21,0.961749,0.00854834
1379,49,37,43,18,22,0.959484,0.00828866,57,38,43,15,21,0.962812,0.00860618
1380,49,37,43,18,22,0.959975,0.0083871,57,38,43,15,21,0.963927,0.00865919
1381,49,37,43,18,22,0.960157,0.00847042,57,38,43,15,21,0.964798,0.00870014
1382,49,37,43,18,22,0.96003,0.00853356,57,38,43,15,21,0.96521,0.00872617
1383,49,37,43,18,22,0.959686,0.00857807,57,38,43,15,21,0.965093,0.00873945
1384,49,37,43,18,22,0.959278,0.00861155,57,38,43,15,21,0.964536,0.0087464
1385,49,37,43,18,22,0.958971,0.00864523,57,38,43,15,21,0.963761,0.00875556
1386,49,37,43,18,22,0.958887,0.00869057,57,38,43,15,21,0.963045,0.00877504
1387,49,37,43,18,22,0.95907,0.00875576,57,38,43,15,21,0.962638,0.0088101
1388,49,37,43,18,22,0.959475,0.00884329,57,38,43,15,21,0.962682,0.0088616
1389,49,37,43,18,22,0.959984,0.00894922,57,38,43,15,21,0.963174,0.00892586
1390,49,37,43,18,22,0.960448,0.00906441,57,38,43,15,21,0.96397,0.00899586
1391,49,37,43,18,22,0.960733,0.00917731,57,38,43,15,21,0.964832,0.00906338
1392,49,37,43,18,22,0.960765,0.00927745,57,38,43,15,21,0.965505,0.00912145
1393,49,37,43,18,22,0.960548,0.00935856,57,38,43,15,21,0.965799,0.00916641
1394,49,37,43,18,22,0.960164,0.0094204,57,38,43,15,21,0.965642,0.00919886
1395,49,37,43,18,22,0.959743,0.00946877,57,38,43,15,21,0.965102,0.00922342
1396,49,37,43,18,22,0.95942,0.00951367,57,38,43,15,21,0.964363,0.00924717
1397,49,37,43,18,22,0.959294,0.00956621,57,38,43,15,21,0.963664,0.00927751
1398,49,37,43,18,22,0.959395,0.00963522,57,38,43,15,21,0.963222,0.00931989
1399,49,37,43,18,22,0.959681,0.00972455,57,38,43,15,21,0.963172,0.00937622
1400,49,37,43,18,22,0.960049,0.00983196,57,38,43,15,21,0.963517,0.00944434
1401,49,37,43,18,22,0.960372,0.00994986,57,38,43,15,21,0.96414,0.00951878
1402,49,37,43,18,22,0.960539,0.0100676,57,38,43,15,21,0.964838,0.00959245
1403,49,37,43,18,22,0.960492,0.0101749,57,38,43,15,21,0.965386,0.00965881
1404,49,37,43,18,22,0.960239,0.0102647,57,38,43,15,21,0.965613,0.00971381
1405,49,37,43,18,22,0.959854,0.0103357,57,38,43,15,21,0.965446,0.00975707
1406,49,37,43,18,22,0.959447,0.0103922,57,38,43,15,21,0.964938,0.00979188
1407,49,37,43,18,22,0.959134,0.0104432,57,38,43,15,21,0.964244,0.00982418
1408,49,37,43,18,22,0.958993,0.0104993,57,38,43,15,21,0.963573,0.00986064
1409,49,37,43,18,22,0.959048,0.0105695,57,38,43,15,21,0.963121,0.00990667
1410,49,37,43,18,22,0.959257,0.0106586,57,38,43,15,21,0.963011,0.00996476
1411,49,37,43,18,22,0.959529,0.0107655,57,38,43,15,21,0.963255,0.0100338
1412,49,37,43,18,22,0.959757,0.0108837,57,38,43,15,21,0.963756,0.0101096
1413,49,37,43,18,22,0.959847,0.0110034,57,38,43,15,21,0.964337,0.0101859
1414,49,37,43,18,22,0.959752,0.0111145,57,38,43,15,21,0.964798,0.0102567
1415,49,37,43,18,22,0.959485,0.0112095,57,38,43,15,21,0.964982,0.0103178
1416,49,37,43,18,22,0.959112,0.011286,57,38,43,15,21,0.964819,0.0103681
1417,49,37,43,18,22,0.95873,0.0113476,57,38,43,15,21,0.964347,0.0104101
1418,49,37,43,18,22,0.958437,0.0114021,57,38,43,15,21,0.9637,0.0104485
1419,49,37,43,18,22,0.958299,0.0114597,57,38,43,15,21,0.963062,0.0104895
1420,49,37,43,18,22,0.95833,0.0115297,57,38,43,15,21,0.96261,0.0105383
1421,49,37,43,18,22,0.958492,0.0116172,57,38,43,15,21,0.962461,0.0105977
1422,49,37,43,18,22,0.958702,0.0117223,57,38,43,15,21,0.962631,0.0106673
1423,49,37,43,18,22,0.958868,0.0118393,57,38,43,15,21,0.96304,0.0107438
1424,49,37,43,18,22,0.958909,0.0119593,57,38,43,15,21,0.963532,0.0108218
1425,49,37,43,18,22,0.958789,0.0120724,57,38,43,15,21,0.963929,0.0108958
1426,49,37,43,18,22,0.958522,0.0121708,57,38,43,15,21,0.964085,0.0109615
1427,49,37,43,18,22,0.958168,0.0122518,57,38,43,15,21,0.963931,0.0110173
1428,49,37,43,18,22,0.957814,0.0123177,57,38,43,15,21,0.963496,0.011065
1429,49,37,43,18,22,0.957545,0.0123759,57,38,43,15,21,0.962896,0.0111085
1430,49,37,43,18,22,0.957416,0.0124358,57,38,43,15,21,0.962294,0.0111533
1431,49,37,43,18,22,0.957437,0.0125066,57,38,43,15,21,0.961852,0.0112044
1432,49,37,43,18,22,0.95757,0.0125939,57,38,43,15,21,0.961679,0.0112648
1433,49,37,43,18,22,0.957741,0.0126984,57,38,43,15,21,0.961797,0.0113347
1434,49,37,43,18,22,0.957867,0.0128151,57,38,43,15,21,0.962137,0.0114115
1435,49,37,43,18,22,0.95788,0.0129358,57,38,43,15,21,0.962564,0.0114905
1436,49,37,43,18,22,0.95775,0.0130507,57,38,43,15,21,0.962915,0.0115667
1437,49,37,43,18,22,0.957493,0.0131521,57,38,43,15,21,0.963055,0.0116358
1438,49,37,43,18,22,0.957165,0.0132366,57,38,43,15,21,0.962919,0.011696
1439,49,37,43,18,22,0.956843,0.013306,57,38,43,15,21,0.962524,0.0117484
1440,49,37,43,18,22,0.956602,0.013367,57,38,43,15,21,0.961973,0.0117964
1441,49,37,43,18,22,0.956488,0.0134288,57,38,43,15,21,0.961412,0.0118449
1442,49,37,43,18,22,0.956508,0.0135004,57,38,43,15,21,0.960989,0.0118984
1443,49,37,43,18,22,0.956625,0.0135879,57,38,43,15,21,0.960807,0.0119602
1444,49,37,43,18,22,0.956772,0.0136923,57,38,43,15,21,0.960891,0.0120308
1445,49,37,43,18,22,0.956874,0.0138095,57,38,43,15,21,0.961183,0.0121081
1446,49,37,43,18,22,0.956871,0.0139317,57,38,43,15,21,0.961562,0.0121882
1447,49,37,43,18,22,0.956739,0.0140493,57,38,43,15,21,0.961881,0.0122663
1448,49,37,43,18,22,0.956494,0.0141546,57,38,43,15,21,0.962014,0.0123384
1449,49,37,43,18,22,0.956187,0.0142436,57,38,43,15,21,0.961897,0.0124026
1450,49,37,43,18,22,0.95589,0.0143177,57,38,43,15,21,0.961542,0.0124593
1451,49,37,43,18,22,0.955668,0.0143828,57,38,43,15,21,0.961037,0.0125114
1452,49,37,43,18,22,0.955561,0.0144477,57,38,43,15,21,0.960516,0.0125635
1453,49,37,43,18,22,0.955572,0.0145215,57,38,43,15,21,0.960113,0.0126197
1454,49,37,43,18,22,0.955666,0.0146102,57,38,43,15,21,0.959927,0.0126832
1455,49,37,43,18,22,0.955781,0.0147156,57,38,43,15,21,0.959984,0.0127549
1456,49,37,43,18,22,0.95585,0.014834,57,38,43,15,21,0.960237,0.0128332
1457,49,37,43,18,22,0.95582,0.014958,57,38,43,15,21,0.960577,0.0129145
1458,49,37,43,18,22,0.955671,0.0150785,57,38,43,15,21,0.96087,0.0129943
1459,49,37,43,18,22,0.955421,0.0151876,57,38,43,15,21,0.960998,0.013069
1460,49,37,43,18,22,0.955118,0.015281,57,38,43,15,21,0.960899,0.0131363
1461,49,37,43,18,22,0.954826,0.0153594,57,38,43,15,21,0.960578,0.0131967
1462,49,37,43,18,22,0.954605,0.0154285,57,38,43,15,21,0.960114,0.0132525
1463,49,37,43,18,22,0.95449,0.0154966,57,38,43,15,21,0.959627,0.0133078
1464,49,37,43,18,22,0.954482,0.0155727,57,38,43,15,21,0.959241,0.0133667
1465,49,37,43,18,22,0.954547,0.0156632,57,38,43,15,21,0.959048,0.0134324
1466,49,37,43,18,22,0.95463,0.0157701,57,38,43,15,21,0.959079,0.013506
1467,49,37,43,18,22,0.954667,0.0158904,57,38,43,15,21,0.959293,0.0135861
1468,49,37,43,18,22,0.954612,0.0160171,57,38,43,15,21,0.959594,0.0136695
1469,49,37,43,18,22,0.954448,0.0161413,57,38,43,15,21,0.959858,0.0137521
1470,49,37,43,18,22,0.954191,0.016255,57,38,43,15,21,0.959976,0.0138302
1471,49,37,43,18,22,0.953888,0.0163537,57,38,43,15,21,0.959886,0.0139015
1472,49,37,43,18,22,0.953596,0.0164377,57,38,43,15,21,0.959592,0.013966
1473,49,37,43,18,22,0.953371,0.016512,57,38,43,15,21,0.95916,0.0140257
1474,49,37,43,18,22,0.953244,0.0165846,57,38,43,15,21,0.9587,0.0140843
1475,49,37,43,18,22,0.953213,0.0166644,57,38,43,15,21,0.958327,0.0141459
1476,49,37,43,18,22,0.953249,0.0167578,57,38,43,15,21,0.958128,0.0142136
1477,49,37,43,18,22,0.953297,0.0168673,57,38,43,15,21,0.958134,0.0142886
1478,49,37,43,18,22,0.953303,0.0169904,57,38,43,15,21,0.958312,0.0143702
1479,49,37,43,18,22,0.953224,0.0171203,57,38,43,15,21,0.958574,0.0144555
1480,49,37,43,18,22,0.953044,0.0172485,57,38,43,15,21,0.958808,0.0145408
1481,49,37,43,18,22,0.952782,0.0173671,57,38,43,15,21,0.958913,0.0146224
1482,49,37,43,18,22,0.95248,0.0174713,57,38,43,15,21,0.958828,0.0146981
1483,49,37,43,18,22,0.952191,0.017561,57,38,43,15,21,0.958552,0.0147676
1484,49,37,43,18,22,0.951966,0.0176409,57,38,43,15,21,0.958143,0.0148327
1485,49,37,43,18,22,0.951831,0.0177188,57,38,43,15,21,0.957702,0.0148966
1486,49,37,43,18,22,0.951784,0.0178033,57,38,43,15,21,0.957334,0.0149631
1487,49,37,43,18,22,0.951797,0.0179009,57,38,43,15,21,0.957123,0.0150352
1488,49,37,43,18,22,0.951819,0.0180143,57,38,43,15,21,0.9571,0.0151142
1489,49,37,43,18,22,0.951798,0.0181414,57,38,43,15,21,0.957237,0.0151996
1490,49,37,43,18,22,0.951697,0.0182758,57,38,43,15,21,0.957457,0.0152888
1491,49,37,43,18,22,0.951502,0.018409,57,38,43,15,21,0.957658,0.0153783
1492,49,37,43,18,22,0.95123,0.0185332,57,38,43,15,21,0.957743,0.0154645
1493,49,37,43,18,22,0.950922,0.0186434,57,38,43,15,21,0.957655,0.0155454
1494,49,37,43,18,22,0.950627,0.0187393,57,38,43,15,21,0.957389,0.0156202
1495,49,37,43,18,22,0.950391,0.0188251,57,38,43,15,21,0.956998,0.0156908
1496,49,37,43,18,22,0.950238,0.0189084,57,38,43,15,21,0.95657,0.0157599
1497,49,37,43,18,22,0.950165,0.0189976,57,38,43,15,21,0.956205,0.0158314
1498,49,37,43,18,22,0.950144,0.0190996,57,38,43,15,21,0.955981,0.0159082
1499,49,37,43,18,22,0.950129,0.0192172,57,38,43,15,21,0.955929,0.0159918
1500,49,37,43,18,22,0.950071,0.0193485,57,38,43,15,21,0.956028,0.0160818
1501,49,37,43,18,22,0.949935,0.0194876,57,38,43,15,21,0.956208,0.0161759
1502,49,37,43,18,22,0.949711,0.0196262,57,38,43,15,21,0.956376,0.0162709
1503,49,37,43,18,22,0.949415,0.0197564,57,38,43,15,21,0.956444,0.0163634
1504,49,37,43,18,22,0.949086,0.0198732,57,38,43,15,21,0.956354,0.016451
1505,49,37,43,18,22,0.948772,0.019976,57,38,43,15,21,0.9561,0.0165331
1506,49,37,43,18,22,0.948515,0.0200689,57,38,43,15,21,0.955728,0.0166111
1507,49,37,43,18,22,0.948337,0.0201592,57,38,43,15,21,0.955316,0.0166877
1508,49,37,43,18,22,0.948235,0.0202553,57,38,43,15,21,0.954957,0.0167663
1509,49,37,43,18,22,0.948181,0.0203642,57,38,43,15,21,0.954723,0.0168499
1510,49,37,43,18,22,0.948131,0.0204889,57,38,43,15,21,0.954646,0.01694
1511,49,37,43,18,22,0.94804,0.0206277,57,38,43,15,21,0.954709,0.0170364
1512,49,37,43,18,22,0.947876,0.0207747,57,38,43,15,21,0.95485,0.0171369
1513,49,37,43,18,22,0.947629,0.0209218,57,38,43,15,21,0.954984,0.0172385
1514,49,37,43,18,22,0.947318,0.0210609,57,38,43,15,21,0.955028,0.0173379
1515,49,37,43,18,22,0.946977,0.0211867,57,38,43,15,21,0.95493,0.0174327
1516,49,37,43,18,22,0.946654,0.0212984,57,38,43,15,21,0.954681,0.0175223
1517,49,37,43,18,22,0.946388,0.0213996,57,38,43,15,21,0.95432,0.0176078
1518,49,37,43,18,22,0.946198,0.0214978,57,38,43,15,21,0.95392,0.0176919
1519,49,37,43,18,22,0.946083,0.0216013,57,38,43,15,21,0.953563,0.017778
1520,49,37,43,18,22,0.946013,0.0217173,57,38,43,15,21,0.953319,0.0178689
1521,49,37,43,18,22,0.945947,0.0218491,57,38,43,15,21,0.953218,0.0179664
1522,49,37,43,18,22,0.945841,0.0219955,57,38,43,15,21,0.953247,0.0180703
1523,49,37,43,18,22,0.945666,0.0221509,57,38,43,15,21,0.95335,0.0181786
1524,49,37,43,18,22,0.945413,0.022307,57,38,43,15,21,0.953451,0.0182885
1525,49,37,43,18,22,0.945097,0.0224558,57,38,43,15,21,0.953473,0.0183965
1526,49,37,43,18,22,0.944757,0.0225918,57,38,43,15,21,0.953366,0.0185002
1527,49,37,43,18,22,0.944434,0.0227137,57,38,43,15,21,0.953121,0.0185989
1528,49,37,43,18,22,0.944166,0.022825,57,38,43,15,21,0.95277,0.0186934
1529,49,37,43,18,22,0.943973,0.0229327,57,38,43,15,21,0.952379,0.0187863
1530,49,37,43,18,22,0.943851,0.0230453,57,38,43,15,21,0.952024,0.0188807
1531,49,37,43,18,22,0.943771,0.0231699,57,38,43,15,21,0.951768,0.0189797
1532,49,37,43,18,22,0.943694,0.0233104,57,38,43,15,21,0.951642,0.019085
1533,49,37,43,18,22,0.943578,0.0234655,57,38,43,15,21,0.951635,0.0191968
1534,49,37,43,18,22,0.943392,0.0236302,57,38,43,15,21,0.951698,0.0193132
1535,49,37,43,18,22,0.94313,0.0237962,57,38,43,15,21,0.95176,0.0194315
1536,49,37,43,18,22,0.942808,0.0239554,57,38,43,15,21,0.951753,0.0195484
1537,49,37,43,18,22,0.942461,0.0241021,57,38,43,15,21,0.951629,0.0196615
1538,49,37,43,18,22,0.942132,0.0242348,57,38,43,15,21,0.951378,0.0197698
1539,49,37,43,18,22,0.941858,0.0243567,57,38,43,15,21,0.951027,0.019874
1540,49,37,43,18,22,0.941657,0.0244746,57,38,43,15,21,0.950636,0.0199764
1541,49,37,43,18,22,0.941524,0.0245971,57,38,43,15,21,0.950273,0.0200801
1542,49,37,43,18,22,0.941435,0.0247313,57,38,43,15,21,0.949996,0.0201881
1543,49,37,43,18,22,0.941347,0.0248813,57,38,43,15,21,0.949835,0.0203022
1544,49,37,43,18,22,0.941221,0.0250462,57,38,43,15,21,0.949782,0.0204225
1545,49,37,43,18,22,0.941028,0.025221,57,38,43,15,21,0.949792,0.0205477
1546,49,37,43,18,22,0.940761,0.0253977,57,38,43,15,21,0.949804,0.0206749
1547,49,37,43,18,22,0.940436,0.0255681,57,38,43,15,21,0.949754,0.0208012
1548,49,37,43,18,22,0.940087,0.0257262,57,38,43,15,21,0.949598,0.020924
1549,49,37,43,18,22,0.939756,0.0258703,57,38,43,15,21,0.949326,0.0210422
1550,49,37,43,18,22,0.93948,0.0260032,57,38,43,15,21,0.948962,0.0211565
1551,49,37,43,18,22,0.939275,0.0261319,57,38,43,15,21,0.948557,0.0212691
1552,49,37,43,18,22,0.939138,0.0262647,57,38,43,15,21,0.948173,0.021383
1553,49,37,43,18,22,0.939043,0.0264092,57,38,43,15,21,0.947865,0.0215009
1554,49,37,43,18,22,0.938948,0.0265694,57,38,43,15,21,0.947658,0.0216249
1555,49,37,43,18,22,0.938815,0.0267451,57,38,43,15,21,0.947547,0.0217551
1556,49,37,43,18,22,0.938615,0.0269311,57,38,43,15,21,0.947494,0.0218902
1557,49,37,43,18,22,0.938341,0.0271195,57,38,43,15,21,0.947445,0.0220276
1558,49,37,43,18,22,0.938008,0.0273021,57,38,43,15,21,0.947342,0.0221643
1559,49,37,43,18,22,0.937651,0.0274725,57,38,43,15,21,0.947147,0.0222977
1560,49,37,43,18,22,0.937311,0.0276288,57,38,43,15,21,0.946848,0.0224268
1561,49,37,43,18,22,0.937024,0.0277735,57,38,43,15,21,0.946467,0.0225522
1562,49,37,43,18,22,0.936807,0.0279136,57,38,43,15,21,0.94605,0.0226759
1563,49,37,43,18,22,0.936658,0.0280574,57,38,43,15,21,0.945652,0.0228009
1564,49,37,43,18,22,0.936548,0.0282127,57,38,43,15,21,0.94532,0.0229301
1565,49,37,43,18,22,0.936439,0.0283842,57,38,43,15,21,0.94508,0.0230655
1566,49,37,43,18,22,0.936291,0.0285716,57,38,43,15,21,0.944927,0.0232075
1567,49,37,43,18,22,0.936075,0.0287702,57,38,43,15,21,0.94483,0.0233546
1568,49,37,43,18,22,0.935785,0.0289722,57,38,43,15,21,0.944738,0.0235043
1569,49,37,43,18,22,0.935437,0.0291691,57,38,43,15,21,0.944604,0.0236536
1570,49,37,43,18,22,0.935064,0.0293544,57,38,43,15,21,0.944391,0.0237999
1571,49,37,43,18,22,0.934708,0.0295256,57,38,43,15,21,0.94409,0.0239418
1572,49,37,43,18,22,0.934405,0.0296852,57,38,43,15,21,0.943718,0.02408
1573,49,37,43,18,22,0.934173,0.0298395,57,38,43,15,21,0.943315,0.0242165
1574,49,37,43,18,22,0.934006,0.0299973,57,38,43,15,21,0.942929,0.0243541
1575,49,37,43,18,22,0.933878,0.0301663,57,38,43,15,21,0.9426,0.0244959
1576,49,37,43,18,22,0.93375,0.0303515,57,38,43,15,21,0.942352,0.024644
1577,49,37,43,18,22,0.93358,0.0305529,57,38,43,15,21,0.942179,0.0247988
1578,49,37,43,18,22,0.93334,0.0307662,57,38,43,15,21,0.942054,0.0249592
1579,49,37,43,18,22,0.933023,0.0309836,57,38,43,15,21,0.941936,0.0251225
1580,49,37,43,18,22,0.932646,0.0311966,57,38,43,15,21,0.941781,0.0252858
1581,49,37,43,18,22,0.932245,0.0313984,57,38,43,15,21,0.941559,0.0254463
1582,49,37,43,18,22,0.931861,0.0315864,57,38,43,15,21,0.941263,0.0256028
1583,49,37,43,18,22,0.931531,0.0317627,57,38,43,15,21,0.940907,0.0257556
1584,49,37,43,18,22,0.931273,0.0319336,57,38,43,15,21,0.940524,0.0259067
1585,49,37,43,18,22,0.931082,0.0321078,57,38,43,15,21,0.940155,0.0260589
1586,49,37,43,18,22,0.930931,0.0322934,57,38,43,15,21,0.939834,0.0262154
1587,49,37,43,18,22,0.930778,0.0324954,57,38,43,15,21,0.939578,0.0263782
1588,49,37,43,18,22,0.930581,0.0327144,57,38,43,15,21,0.939383,0.026548
1589,49,37,43,18,22,0.930311,0.032946,57,38,43,15,21,0.939226,0.0267237
1590,49,37,43,18,22,0.929961,0.0331824,57,38,43,15,21,0.939071,0.0269028
1591,49,37,43,18,22,0.929548,0.0334151,57,38,43,15,21,0.938884,0.0270823
1592,49,37,43,18,22,0.929109,0.0336371,57,38,43,15,21,0.938641,0.0272594
1593,49,37,43,18,22,0.928687,0.0338453,57,38,43,15,21,0.938335,0.0274328
1594,49,37,43,18,22,0.928319,0.0340417,57,38,43,15,21,0.93798,0.0276027
1595,49,37,43,18,22,0.928027,0.0342327,57,38,43,15,21,0.937604,0.0277711
1596,49,37,43,18,22,0.927803,0.034427,57,38,43,15,21,0.93724,0.0279409
1597,49,37,43,18,22,0.927619,0.0346329,57,38,43,15,21,0.936915,0.0281151
1598,49,37,43,18,22,0.927433,0.0348559,57,38,43,15,21,0.936641,0.0282961
1599,49,37,43,18,22,0.927199,0.0350969,57,38,43,15,21,0.936414,0.0284844
1600,49,37,43,18,22,0.926889,0.0353517,57,38,43,15,21,0.936213,0.0286791
1601,49,37,43,18,22,0.926494,0.0356127,57,38,43,15,21,0.93601,0.0288776
1602,49,37,43,18,22,0.926031,0.0358709,57,38,43,15,21,0.935778,0.0290768
1603,49,37,43,18,22,0.925539,0.036119,57,38,43,15,21,0.935498,0.0292741
1604,49,37,43,18,22,0.925063,0.0363537,57,38,43,15,21,0.935168,0.0294678
1605,49,37,43,18,22,0.924644,0.0365767,57,38,43,15,21,0.9348,0.0296584
1606,49,37,43,18,22,0.924302,0.0367942,57,38,43,15,21,0.934418,0.0298476
1607,49,37,43,18,22,0.92403,0.0370149,57,38,43,15,21,0.934046,0.0300387
1608,49,37,43,18,22,0.9238,0.0372477,57,38,43,15,21,0.933703,0.0302347
1609,49,37,43,18,22,0.923564,0.0374983,57,38,43,15,21,0.933396,0.0304381
1610,49,37,43,18,22,0.923278,0.0377679,57,38,43,15,21,0.933119,0.0306497
1611,49,37,43,18,22,0.922908,0.0380528,57,38,43,15,21,0.932855,0.0308685
1612,49,37,43,18,22,0.922447,0.0383452,57,38,43,15,21,0.932583,0.0310919
1613,49,37,43,18,22,0.921912,0.038636,57,38,43,15,21,0.932283,0.0313169
1614,49,37,43,18,22,0.921345,0.0389178,57,38,43,15,21,0.931945,0.0315406
1615,49,37,43,18,22,0.920795,0.0391866,57,38,43,15,21,0.931572,0.0317613
1616,49,37,43,18,22,0.920303,0.0394439,57,38,43,15,21,0.931174,0.0319794
1617,49,37,43,18,22,0.91989,0.0396959,57,38,43,15,21,0.930769,0.0321967
1618,49,37,43,18,22,0.919552,0.0399514,57,38,43,15,21,0.930374,0.0324164
1619,49,37,43,18,22,0.919256,0.0402195,57,38,43,15,21,0.929999,0.0326418
1620,49,37,43,18,22,0.918952,0.0405065,57,38,43,15,21,0.929643,0.0328755
1621,49,37,43,18,22,0.918592,0.0408139,57,38,43,15,21,0.929298,0.0331182
1622,49,37,43,18,22,0.91814,0.0411382,57,38,43,15,21,0.928949,0.0333691
1623,49,37,43,18,22,0.917588,0.0414718,57,38,43,15,21,0.928583,0.0336257
1624,49,37,43,18,22,0.916956,0.0418054,57,38,43,15,21,0.92819,0.0338846
1625,49,37,43,18,22,0.916286,0.0421311,57,38,43,15,21,0.927769,0.034143
1626,49,37,43,18,22,0.915633,0.0424449,57,38,43,15,21,0.927327,0.0343993
1627,49,37,43,18,22,0.915041,0.042748,57,38,43,15,21,0.926877,0.0346537
1628,49,37,43,18,22,0.914534,0.0430465,57,38,43,15,21,0.92643,0.0349083
1629,49,37,43,18,22,0.914105,0.0433495,57,38,43,15,21,0.925994,0.0351664
1630,49,37,43,18,22,0.913718,0.0436665,57,38,43,15,21,0.925567,0.0354316
1631,49,37,43,18,22,0.913321,0.0440042,57,38,43,15,21,0.925141,0.0357066
1632,49,37,43,18,22,0.912861,0.0443644,57,38,43,15,21,0.924703,0.0359923
1633,49,37,43,18,22,0.912297,0.0447439,57,38,43,15,21,0.924241,0.0362877
1634,49,37,43,18,22,0.911622,0.0451347,57,38,43,15,21,0.923747,0.0365903
1635,49,37,43,18,22,0.910857,0.0455275,57,38,43,15,21,0.923224,0.0368966
1636,49,37,43,18,22,0.910049,0.0459137,57,38,43,15,21,0.922682,0.0372034
1637,49,37,43,18,22,0.909257,0.0462891,57,38,43,15,21,0.922136,0.0375092
1638,49,37,43,18,22,0.90853,0.0466544,57,38,43,15,21,0.921599,0.0378143
1639,49,37,43,18,22,0.907893,0.0470161,57,38,43,15,21,0.921077,0.0381209
1640,49,37,43,18,22,0.90734,0.0473835,57,38,43,15,21,0.920569,0.0384327
1641,49,37,43,18,22,0.90683,0.0477668,57,38,43,15,21,0.920059,0.0387535
1642,49,37,43,18,22,0.906305,0.0481733,57,38,43,15,21,0.919528,0.0390863
1643,49,37,43,18,22,0.905705,0.0486056,57,38,43,15,21,0.918957,0.0394322
1644,49,37,43,18,22,0.904987,0.0490604,57,38,43,15,21,0.918335,0.0397902
1645,49,37,43,18,22,0.904141,0.0495299,57,38,43,15,21,0.917663,0.0401572
1646,49,37,43,18,22,0.903191,0.0500041,57,38,43,15,21,0.916956,0.0405297
1647,49,37,43,18,22,0.902191,0.0504741,57,38,43,15,21,0.916238,0.0409042
1648,49,37,43,18,22,0.901205,0.0509349,57,38,43,15,21,0.915533,0.0412792
1649,49,37,43,18,22,0.900288,0.0513872,57,38,43,15,21,0.914857,0.0416549
1650,49,37,43,18,22,0.899468,0.0518373,57,38,43,15,21,0.914213,0.0420341
1651,49,37,43,18,22,0.898737,0.0522953,57,38,43,15,21,0.913585,0.0424208
1652,49,37,43,18,22,0.898048,0.052772,57,38,43,15,21,0.912943,0.0428196
1653,49,37,43,18,22,0.897337,0.0532758,57,38,43,15,21,0.912252,0.0432337
1654,49,37,43,18,22,0.896533,0.0538099,57,38,43,15,21,0.911485,0.0436644
1655,49,37,43,18,22,0.895591,0.0543713,57,38,43,15,21,0.91063,0.0441106
1656,49,37,43,18,22,0.894496,0.0549521,57,38,43,15,21,0.909698,0.0445693
1657,49,37,43,18,22,0.893277,0.0555419,57,38,43,15,21,0.908718,0.0450363
1658,49,37,43,18,22,0.891995,0.0561309,57,38,43,15,21,0.907731,0.045508
1659,49,37,43,18,22,0.890722,0.0567137,57,38,43,15,21,0.906774,0.0459826
1660,49,37,43,18,22,0.889521,0.0572905,57,38,43,15,21,0.905871,0.0464607
1661,49,37,43,18,22,0.888423,0.057868,57,38,43,15,21,0.905016,0.0469456
1662,49,37,43,18,22,0.887416,0.058457,57,38,43,15,21,0.90418,0.0474422
1663,49,37,43,18,22,0.886448,0.0590695,57,38,43,15,21,0.903313,0.0479555
1664,49,37,43,18,22,0.885442,0.059715,57,38,43,15,21,0.902361,0.0484895
1665,49,37,43,18,22,0.884317,0.0603977,57,38,43,15,21,0.901284,0.0490459
1666,49,37,43,18,22,0.883018,0.0611151,57,38,43,15,21,0.900069,0.0496234
1667,49,37,43,18,22,0.88153,0.0618594,57,38,43,15,21,0.898734,0.0502184
1668,49,37,43,18,22,0.879887,0.0626192,57,38,43,15,21,0.897328,0.0508263
1669,49,37,43,18,22,0.878157,0.063384,57,38,43,15,21,0.895914,0.0514432
1670,49,37,43,18,22,0.876425,0.0641476,57,38,43,15,21,0.894548,0.0520671
1671,49,37,43,18,22,0.874763,0.0649101,57,38,43,15,21,0.893259,0.0526992
1672,49,37,43,18,22,0.873205,0.0656786,57,38,43,15,21,0.892036,0.0533436
1673,49,37,43,18,22,0.871737,0.0664653,57,38,43,15,21,0.890832,0.0540066
1674,49,37,43,18,22,0.870293,0.067284,57,38,43,15,21,0.889568,0.0546946
1675,49,37,43,18,22,0.86878,0.0681463,57,38,43,15,21,0.888163,0.0554126
1676,49,37,43,18,22,0.867102,0.0690581,57,38,43,15,21,0.886557,0.056163
1677,49,37,43,18,22,0.865189,0.0700179,57,38,43,15,21,0.884731,0.0569443
1678,49,37,43,18,22,0.863024,0.0710177,57,38,43,15,21,0.882714,0.0577527
1679,49,37,43,18,22,0.860645,0.0720458,57,38,43,15,21,0.880579,0.0585829
1680,49,37,43,18,22,0.858132,0.0730905,57,38,43,15,21,0.878417,0.0594304
1681,49,37,43,18,22,0.855586,0.0741447,57,38,43,15,21,0.876308,0.0602936
1682,49,37,43,18,22,0.85309,0.0752085,57,38,43,15,21,0.874293,0.0611746
1683,49,37,43,18,22,0.850683,0.0762902,57,38,43,15,21,0.872354,0.0620794
1684,49,37,43,18,22,0.84834,0.0774044,57,38,43,15,21,0.870413,0.0630165
1685,49,37,43,18,22,0.845978,0.078568,57,38,43,15,21,0.868353,0.0639949
1686,49,37,43,18,22,0.843475,0.0797961,57,38,43,15,21,0.866049,0.0650219
1687,49,37,43,18,22,0.840709,0.0810976,57,38,43,15,21,0.863407,0.0661006
1688,49,37,43,18,22,0.837589,0.0824731,57,38,43,15,21,0.860393,0.0672303
1689,49,37,43,18,22,0.834088,0.0839155,57,38,43,15,21,0.857047,0.0684065
1690,49,37,43,18,22,0.830247,0.0854124,57,38,43,15,21,0.85347,0.0696233
1691,49,37,43,18,22,0.82616,0.0869518,57,38,43,15,21,0.849792,0.070876
1692,49,37,43,18,22,0.821945,0.0885265,57,38,43,15,21,0.846126,0.0721639
1693,49,37,43,18,22,0.817697,0.0901378,57,38,43,15,21,0.842524,0.0734919
1694,49,37,43,18,22,0.813452,0.0917974,57,38,43,15,21,0.838953,0.0748702
1695,49,37,43,18,22,0.809164,0.0935254,57,38,43,15,21,0.835285,0.0763126
1696,49,37,43,18,22,0.80471,0.0953461,57,38,43,15,21,0.831331,0.077834
1697,49,37,43,18,22,0.799914,0.0972822,57,38,43,15,21,0.826888,0.0794465
1698,49,37,43,18,22,0.794599,0.0993499,57,38,43,15,21,0.821793,0.081157
1699,49,37,43,18,22,0.788626,0.101555,57,38,43,15,21,0.815974,0.0829665
1700,49,37,43,18,22,0.781937,0.103895,57,38,43,15,21,0.809464,0.0848711
1701,49,37,43,18,22,0.774558,0.106359,57,38,43,15,21,0.802391,0.0868653
1702,49,37,43,18,22,0.766589,0.108937,57,38,43,15,21,0.794922,0.0889462
1703,49,37,43,18,22,0.758146,0.111625,57,38,43,15,21,0.787199,0.0911178
1704,49,37,43,18,22,0.749316,0.114433,57,38,43,15,21,0.779265,0.0933933
1705,49,37,43,18,22,0.740092,0.117384,57,38,43,15,21,0.771018,0.0957955
1706,49,37,43,18,22,0.730349,0.120514,57,38,43,15,21,0.762202,0.098354
1707,49,37,43,18,22,0.719847,0.123871,57,38,43,15,21,0.752449,0.1011
1708,49,37,43,18,22,0.708264,0.1275,57,38,43,15,21,0.741355,0.104062
1709,49,37,43,18,22,0.695264,0.13144,57,38,43,15,21,0.728563,0.10726
1710,49,37,43,18,22,0.680559,0.135718,57,38,43,15,21,0.713847,0.110704
1711,49,37,43,18,22,0.663963,0.140349,57,38,43,15,21,0.697139,0.114396
1712,49,37,43,18,22,0.645401,0.145336,57,38,43,15,21,0.678508,0.118339
1713,49,37,43,18,22,0.624882,0.150684,57,38,43,15,21,0.658069,0.122539
1714,49,37,43,18,22,0.602429,0.156411,57,38,43,15,21,0.63587,0.127019
1715,49,37,43,18,22,0.577994,0.162551,57,38,43,15,21,0.611766,0.131819
1716,49,37,43,18,22,0.551384,0.169166,57,38,43,15,21,0.585345,0.136998
1717,49,37,43,18,22,0.522241,0.176337,57,38,43,15,21,0.555937,0.142624
1718,49,37,43,18,22,0.490076,0.184148,57,38,43,15,21,0.522731,0.148758
1719,49,37,43,18,22,0.454394,0.19267,57,38,43,15,21,0.484978,0.155431
1720,49,37,43,18,22,0.414869,0.20193,57,38,43,15,21,0.442273,0.162626
1721,49,37,43,18,22,0.371546,0.211883,57,38,43,15,21,0.39483,0.170257
1722,49,37,43,18,22,0.325022,0.222395,57,38,43,15,21,0.343686,0.17816
1723,49,37,43,18,22,0.276554,0.233236,57,38,43,15,21,0.290779,0.186102
1724,49,37,43,18,22,0.228044,0.244088,57,38,43,15,21,0.23885,0.193796
1725,49,37,43,18,22,0.181904,0.254571,57,38,43,15,21,0.191165,0.200934
1726,49,37,43,18,22,0.140792,0.264285,57,38,43,15,21,0.151092,0.207229
1727,49,37,43,18,22,0.107265,0.272856,57,38,43,15,21,0.121615,0.212454
1728,49,37,43,18,22,0.08342,0.279989,57,38,43,15,21,0.104865,0.216481
1729,49,37,43,18,22,0.0705704,0.285504,57,38,43,15,21,0.101773,0.219298
1730,49,37,43,18,22,0.0690484,0.289364,57,38,43,15,21,0.111906,0.221017
1731,49,37,43,18,22,0.0781536,0.291673,57,38,43,15,21,0.133543,0.221854
1732,49,37,43,18,22,0.0962708,0.292661,57,38,43,15,21,0.163952,0.222091
1733,49,37,43,18,22,0.121132,0.292634,57,38,43,15,21,0.199844,0.222028
1734,49,37,43,18,22,0.150172,0.291927,57,38,43,15,21,0.237881,0.221929
1735,49,37,43,18,22,0.180909,0.290836,57,38,43,15,21,0.275167,0.221971
1736,49,37,43,18,22,0.211279,0.289567,57,38,43,15,21,0.30962,0.222209
1737,49,37,43,18,22,0.239874,0.288196,57,38,43,15,21,0.340152,0.222561
1738,49,37,43,18,22,0.266033,0.286646,57,38,43,15,21,0.366666,0.222809
1739,49,37,43,18,22,0.289808,0.284699,57,38,43,15,21,0.389857,0.222634
1740,49,37,43,18,22,0.311804,0.282023,57,38,43,15,21,0.410915,0.221657
1741,49,37,43,18,22,0.332954,0.278224,57,38,43,15,21,0.431178,0.219493
1742,49,37,43,18,22,0.354278,0.272903,57,38,43,15,21,0.451824,0.215806
1743,49,37,43,18,22,0.376674,0.265724,57,38,43,15,21,0.473665,0.210358
1744,49,37,43,18,22,0.400771,0.256461,57,38,43,15,21,0.497061,0.203035
1745,49,37,43,18,22,0.426873,0.24504,57,38,43,15,21,0.521958,0.19387
1746,49,37,43,18,22,0.454966,0.231554,57,38,43,15,21,0.548008,0.183031
1747,49,37,43,18,22,0.484784,0.216256,57,38,43,15,21,0.57473,0.170799
1748,49,37,43,18,22,0.5159,0.199533,57,38,43,15,21,0.601653,0.157542
1749,49,37,43,18,22,0.547812,0.181864,57,38,43,15,21,0.628413,0.143666
1750,49,37,43,18,22,0.580005,0.163771,57,38,43,15,21,0.654777,0.129584
1751,49,37,43,18,22,0.611991,0.145768,57,38,43,15,21,0.680609,0.115676
1752,49,37,43,18,22,0.643313,0.128319,57,38,43,15,21,0.705801,0.102267
1753,49,37,43,18,22,0.673548,0.111804,57,38,43,15,21,0.730202,0.0896115
1754,49,37,43,18,22,0.702301,0.0965018,57,38,43,15,21,0.753573,0.0778876
1755,49,37,43,18,22,0.729211,0.0825837,57,38,43,15,21,0.775588,0.0672001
1756,49,37,43,18,22,0.753979,0.0701251,57,38,43,15,21,0.79589,0.0575908
1757,49,37,43,18,22,0.77639,0.0591196,57,38,43,15,21,0.814161,0.0490507
1758,49,37,43,18,22,0.796353,0.0495017,57,38,43,15,21,0.830212,0.041534
1759,49,37,43,18,22,0.813907,0.0411675,57,38,43,15,21,0.844038,0.034971
1760,49,37,43,18,22,0.829226,0.0339948,57,38,43,15,21,0.85583,0.0292785
1761,49,37,43,18,22,0.842583,0.027857,57,38,43,15,21,0.86594,0.0243684
1762,49,37,43,18,22,0.854305,0.0226331,57,38,43,15,21,0.8748,0.0201536
1763,49,37,43,18,22,0.864711,0.018212,57,38,43,15,21,0.882826,0.0165514
1764,49,37,43,18,22,0.874068,0.0144943,57,38,43,15,21,0.890325,0.0134857
1765,49,37,43,18,22,0.882548,0.0113906,57,38,43,15,21,0.897443,0.010888
1766,49,37,43,18,22,0.890233,0.00882083,57,38,43,15,21,0.904161,0.00869738
1767,49,37,43,18,22,0.897125,0.0067125,57,38,43,15,21,0.910332,0.00686047
1768,49,37,43,18,22,0.903191,0.00500018,57,38,43,15,21,0.915764,0.00533051
1769,49,37,43,18,22,0.908405,0.00362549,57,38,43,15,21,0.920301,0.0040668
1770,49,37,43,18,22,0.912787,0.00253739,57,38,43,15,21,0.923892,0.0030339
1771,49,37,43,18,22,0.91642,0.00169234,57,38,43,15,21,0.926628,0.00220089
1772,49,37,43,18,22,0.919447,0.00105409,57,38,43,15,21,0.928722,0.00154076
1773,49,37,43,18,22,0.922044,0.000592809,57,38,43,15,21,0.93046,0.00102992
1774,49,37,43,18,22,0.924381,0.000283907,57,38,43,15,21,0.932124,0.00064782
1775,49,37,43,18,22,0.926591,0.000106628,57,38,43,15,21,0.933917,0.000376681
1776,49,37,43,18,22,0.928735,4.28E-05,57,38,43,15,21,0.935917,0.000201214
1777,49,37,43,18,22,0.930806,7.62E-05,57,38,43,15,21,0.93806,0.000108366
1778,49,37,43,18,22,0.932738,0.00019181,57,38,43,15,21,0.940179,8.70E-05
1779,49,37,43,18,22,0.934441,0.00037645,57,38,43,15,21,0.942058,0.000127606
1780,49,37,43,18,22,0.935835,0.000618715,57,38,43,15,21,0.943511,0.000221889
1781,49,37,43,18,22,0.936885,0.000909371,57,38,43,15,21,0.944442,0.000362578
1782,49,37,43,18,22,0.937612,0.00124132,57,38,43,15,21,0.944877,0.000543206
1783,49,37,43,18,22,0.938096,0.00160928,57,38,43,15,21,0.944958,0.000758024
1784,49,37,43,18,22,0.938447,0.0020091,57,38,43,15,21,0.944898,0.001002
1785,49,37,43,18,22,0.938781,0.00243708,57,38,43,15,21,0.944922,0.00127086
1786,49,37,43,18,22,0.939182,0.00288936,57,38,43,15,21,0.945196,0.00156105
1787,49,37,43,18,22,0.939682,0.0033616,57,38,43,15,21,0.94578,0.00186976
1788,49,37,43,18,22,0.940257,0.00384913,57,38,43,15,21,0.946618,0.00219469
1789,49,37,43,18,22,0.940835,0.00434738,57,38,43,15,21,0.947555,0.00253392
1790,49,37,43,18,22,0.941324,0.00485252,57,38,43,15,21,0.948395,0.00288566
1791,49,37,43,18,22,0.941646,0.00536197,57,38,43,15,21,0.948957,0.0032481
1792,49,37,43,18,22,0.941757,0.00587466,57,38,43,15,21,0.949137,0.00361932
1793,49,37,43,18,22,0.941668,0.00639087,57,38,43,15,21,0.948938,0.00399735
1794,49,37,43,18,22,0.941436,0.00691164,57,38,43,15,21,0.948469,0.00438035
1795,49,37,43,18,22,0.94115,0.00743801,57,38,43,15,21,0.947908,0.00476674
1796,49,37,43,18,22,0.940901,0.00797027,57,38,43,15,21,0.947449,0.00515545
1797,49,37,43,18,22,0.940757,0.00850749,57,38,43,15,21,0.947242,0.00554591
1798,49,37,43,18,22,0.940739,0.00904745,57,38,43,15,21,0.947348,0.00593806
1799,49,37,43,18,22,0.940821,0.00958709,57,38,43,15,21,0.947721,0.00633209
1800,49,37,43,18,22,0.940937,0.0101233,57,38,43,15,21,0.948227,0.00672822
